signal_date,总分_raw,总分,仓位,结论,供给/发行量_得分,供给/发行量_乘数,供给/发行占比_得分,供给/发行占比_乘数,供给/10Y以上发行_得分,供给/10Y以上发行_乘数,需求/银行总净买入_得分,需求/银行总净买入_乘数,估值/地方债-国债利差_得分,估值/地方债-国债利差_乘数,估值/地方债-国债利差变化_得分,估值/地方债-国债利差变化_乘数,估值/地方债-NCD利差_得分,估值/地方债-NCD利差_乘数,情绪/非银情绪_得分,情绪/非银情绪_乘数,supply_observed_at,bank_observed_at,valuation_observed_at,sentiment_observed_at,supply_amount_raw,bank_demand_raw,nonbank_sentiment_raw,spread_ncd_raw,spread_change_raw,supply_amount_change_raw,bank_demand_change_raw,nonbank_sentiment_change_raw,spread_ncd_change_raw,spread_change_acceleration_raw
2022-01-17,70.0,70.0,1.0,看多,0.0,0.5,15.0,0.5,0.0,0.5,0.0,0.0,0.0,0.0,5.0,0.5,0.0,0.0,50.0,1.0,2022-01-16,2022-01-14,2022-01-14,2022-01-16,1960.224,-26.74,0.259396,51.500000000000014,-1.5400000000000065,,,,,
2022-01-24,65.0,65.0,0.0,中性,0.0,0.0,0.0,0.0,0.0,0.0,5.0,0.5,0.0,0.0,10.0,1.0,0.0,0.5,50.0,1.0,2022-01-23,2022-01-21,2022-01-21,2022-01-23,4462.3372,-12.69,0.52866,54.99999999999999,-3.1500000000000306,2502.1132,14.05,0.269264,3.4999999999999787,-1.610000000000024
2022-02-14,95.0,95.0,1.0,看多,0.0,1.0,30.0,1.0,0.0,0.5,10.0,1.0,0.0,0.5,5.0,0.5,0.0,1.0,50.0,1.0,2022-02-13,2022-02-11,2022-02-11,2022-02-13,537.3735,15.03,0.888464,63.98000000000002,-0.7099999999999902,-3924.9637,27.72,0.359804,8.980000000000025,2.4400000000000404
2022-02-21,65.0,65.0,0.0,中性,0.0,0.0,0.0,0.0,0.0,0.0,5.0,0.5,0.0,0.0,10.0,1.0,0.0,0.5,50.0,1.0,2022-02-20,2022-02-18,2022-02-18,2022-02-20,2558.1437,2.369999999999999,0.311585,60.04999999999998,-2.2700000000000387,2020.7702,-12.66,-0.576879,-3.9300000000000352,-1.5600000000000485
2022-02-28,15.0,15.0,0.0,看空,0.0,0.5,15.0,0.5,0.0,0.5,0.0,0.0,0.0,1.0,0.0,0.0,0.0,0.5,0.0,0.0,2022-02-27,2022-02-25,2022-02-25,2022-02-27,1237.22,-6.820000000000001,-0.027697,59.42000000000003,6.620000000000026,-1320.9237,-9.19,-0.339282,-0.6299999999999528,8.890000000000065
2022-03-07,35.0,35.0,0.0,中性,0.0,0.5,15.0,0.5,0.0,0.5,10.0,1.0,0.0,0.5,10.0,1.0,0.0,0.5,0.0,0.0,2022-03-06,2022-03-04,2022-03-04,2022-03-06,1350.6348,17.78,-0.057947,56.67,-2.0,113.4148,24.6,-0.03025,-2.7500000000000284,-8.620000000000026
2022-03-14,15.0,15.0,0.0,看空,0.0,0.5,15.0,0.5,0.0,0.5,0.0,0.0,0.0,1.0,0.0,0.0,0.0,0.0,0.0,0.0,2022-03-13,2022-03-11,2022-03-11,2022-03-13,2070.5023,-12.55,-0.38269,54.95000000000001,4.009999999999977,719.8675000000001,-30.33,-0.324743,-1.7199999999999918,6.009999999999977
2022-03-21,20.0,20.0,0.0,看空,0.0,0.5,15.0,0.5,0.0,0.0,0.0,0.0,0.0,1.0,5.0,0.5,0.0,0.5,0.0,0.0,2022-03-20,2022-03-18,2022-03-18,2022-03-20,1731.0962,-22.37,-0.7804849999999999,56.410000000000025,-0.7899999999999778,-339.4061000000001,-9.82,-0.3977949999999999,1.460000000000015,-4.7999999999999545
2022-03-28,10.0,10.0,0.0,看空,0.0,0.5,0.0,0.0,0.0,0.5,5.0,0.5,0.0,0.5,5.0,0.5,0.0,0.0,0.0,0.0,2022-03-27,2022-03-25,2022-03-25,2022-03-27,1034.4352,-10.05,-0.497478,53.94000000000001,-1.9200000000000088,-696.6610000000001,12.32,0.2830069999999999,-2.470000000000013,-1.130000000000031
2022-04-04,45.0,45.0,0.0,中性,0.0,1.0,30.0,1.0,0.0,1.0,10.0,1.0,0.0,0.5,5.0,0.5,0.0,0.5,0.0,0.0,2022-04-03,2022-04-02,2022-04-02,2022-04-03,346.5442,10.15,-0.073156,59.16999999999999,-0.6899999999999906,-687.8909999999998,20.200000000000003,0.424322,5.229999999999976,1.2300000000000182
2022-04-11,90.0,90.0,1.0,看多,0.0,1.0,30.0,1.0,0.0,1.0,5.0,0.5,0.0,0.5,5.0,0.5,0.0,1.0,50.0,1.0,2022-04-10,2022-04-08,2022-04-08,2022-04-10,508.0146,-2.1500000000000004,0.100424,61.40999999999997,-0.410000000000025,161.47039999999998,-12.3,0.17358,2.2399999999999807,0.2799999999999656
2022-04-18,50.0,50.0,0.0,中性,0.0,0.5,30.0,1.0,0.0,1.0,10.0,1.0,0.0,0.0,10.0,1.0,0.0,1.0,0.0,0.0,2022-04-17,2022-04-15,2022-04-15,2022-04-17,1044.2761,24.129999999999995,-0.063833,60.13000000000002,-2.769999999999982,536.2615000000001,26.279999999999998,-0.164257,-1.2799999999999514,-2.359999999999957
2022-04-25,30.0,30.0,0.0,中性,0.0,0.5,15.0,0.5,0.0,0.5,5.0,0.5,0.0,0.0,10.0,1.0,0.0,1.0,0.0,0.0,2022-04-24,2022-04-24,2022-04-24,2022-04-24,943.2295,-1.930000000000001,-0.259823,71.41999999999999,-2.280000000000016,-101.0466,-26.059999999999995,-0.19599,11.28999999999997,0.489999999999966
2022-05-02,85.0,85.0,1.0,看多,0.0,1.0,30.0,1.0,0.0,1.0,0.0,0.0,0.0,0.0,5.0,0.5,0.0,1.0,50.0,1.0,2022-05-01,2022-04-29,2022-04-29,2022-05-01,151.7825,-41.28,0.131171,71.36999999999998,-1.5600000000000025,-791.447,-39.35,0.390994,-0.0500000000000113,0.7200000000000133
2022-05-09,25.0,25.0,0.0,看空,0.0,0.0,15.0,0.5,0.0,0.0,5.0,0.5,0.0,0.0,5.0,0.5,0.0,1.0,0.0,0.0,2022-05-08,2022-05-07,2022-05-07,2022-05-08,3028.1034,-6.1300000000000034,-0.029395,71.55999999999997,-0.5799999999999841,2876.3209,35.15,-0.160566,0.1899999999999977,0.9800000000000184
2022-05-16,75.0,75.0,1.0,看多,0.0,0.0,15.0,0.5,0.0,0.5,0.0,0.0,0.0,0.0,10.0,1.0,0.0,1.0,50.0,1.0,2022-05-15,2022-05-13,2022-05-13,2022-05-15,3198.7005,-28.92,0.10098,75.25000000000004,-2.079999999999991,170.59709999999995,-22.79,0.130375,3.690000000000069,-1.500000000000007
2022-05-23,50.0,50.0,0.0,中性,0.0,0.0,0.0,0.0,0.0,0.0,0.0,0.0,0.0,0.0,0.0,0.0,0.0,1.0,50.0,1.0,2022-05-22,2022-05-20,2022-05-20,2022-05-22,4094.7287,-24.050000000000004,0.07371,77.84,2.98999999999996,896.0282000000002,4.869999999999997,-0.02727,2.589999999999961,5.069999999999951
2022-05-30,50.0,50.0,0.0,中性,0.0,0.5,0.0,0.0,0.0,0.5,0.0,0.0,0.0,0.5,0.0,0.0,0.0,1.0,50.0,1.0,2022-05-29,2022-05-27,2022-05-27,2022-05-29,1730.098,-28.49,0.224309,72.71999999999998,5.140000000000011,-2364.6307,-4.439999999999994,0.150599,-5.120000000000019,2.1500000000000514
2022-06-06,30.0,30.0,0.0,中性,0.0,0.0,15.0,0.5,0.0,0.5,10.0,1.0,0.0,0.5,5.0,0.5,0.0,1.0,0.0,0.0,2022-06-05,2022-06-02,2022-06-02,2022-06-05,2654.3066,10.559999999999995,-0.213637,73.1,-1.88999999999999,924.2086,39.05,-0.437946,0.3800000000000096,-7.030000000000001
2022-06-13,0.0,0.0,0.0,看空,0.0,0.0,0.0,0.0,0.0,0.0,0.0,0.0,0.0,0.5,0.0,0.0,0.0,0.5,0.0,0.0,2022-06-12,2022-06-10,2022-06-10,2022-06-12,6167.3588,-21.81,-0.21304,70.44999999999999,2.59999999999998,3513.0522,-32.36999999999999,0.0005969999999999,-2.6500000000000057,4.48999999999997
2022-06-20,25.0,25.0,0.0,看空,0.0,0.0,15.0,0.5,0.0,0.0,5.0,0.5,0.0,0.5,5.0,0.5,0.0,1.0,0.0,0.0,2022-06-19,2022-06-17,2022-06-17,2022-06-19,5178.1587,-14.760000000000003,-0.207925,77.61,-1.0999999999999694,-989.2001,7.049999999999995,0.005115,7.160000000000011,-3.6999999999999496
2022-06-27,10.0,10.0,0.0,看空,0.0,0.0,0.0,0.0,0.0,0.0,5.0,0.5,0.0,0.5,5.0,0.5,0.0,1.0,0.0,0.0,2022-06-26,2022-06-24,2022-06-24,2022-06-26,5269.4936,-4.900000000000004,-0.095863,80.94000000000001,-1.4299999999999962,91.33489999999983,9.86,0.112062,3.3300000000000125,-0.3300000000000267
2022-07-04,75.0,75.0,1.0,看多,0.0,0.5,15.0,0.5,0.0,0.5,0.0,0.0,0.0,0.0,10.0,1.0,0.0,1.0,50.0,1.0,2022-07-03,2022-07-01,2022-07-01,2022-07-03,1725.2153,-25.4,0.045346,81.21999999999998,-2.990000000000005,-3544.2783,-20.499999999999996,0.141209,0.2799999999999727,-1.560000000000009
2022-07-11,100.0,100.0,1.0,看多,0.0,0.5,30.0,1.0,0.0,1.0,10.0,1.0,0.0,0.0,10.0,1.0,0.0,1.0,50.0,1.0,2022-07-10,2022-07-08,2022-07-08,2022-07-10,569.4466,7.969999999999996,0.056633,80.24,-2.2699999999999925,-1155.7687,33.37,0.011287,-0.9799999999999898,0.7200000000000126
2022-07-18,90.0,90.0,1.0,看多,0.0,0.5,30.0,1.0,0.0,1.0,5.0,0.5,0.0,0.0,5.0,0.5,0.0,1.0,50.0,1.0,2022-07-17,2022-07-15,2022-07-15,2022-07-17,941.6694,-17.790000000000003,0.140469,85.34000000000002,1.3700000000000043,372.2228,-25.76,0.083836,5.100000000000023,3.639999999999997
2022-07-25,70.0,70.0,1.0,看多,0.0,0.5,15.0,0.5,0.0,0.5,0.0,0.0,0.0,0.0,5.0,0.5,0.0,1.0,50.0,1.0,2022-07-24,2022-07-22,2022-07-22,2022-07-24,767.3441,-44.580000000000005,0.09085,87.59000000000002,-1.8800000000000168,-174.32529999999997,-26.790000000000003,-0.049619,2.25,-3.2500000000000213
2022-08-01,75.0,75.0,1.0,看多,0.0,0.5,15.0,0.5,0.0,1.0,5.0,0.5,0.0,0.0,5.0,0.5,0.0,1.0,50.0,1.0,2022-07-31,2022-07-29,2022-07-29,2022-07-31,1251.3116,-13.710000000000004,0.234332,96.06,0.5700000000000038,483.9675,30.87,0.143482,8.469999999999985,2.4500000000000206
2022-08-08,90.0,90.0,1.0,看多,0.0,1.0,30.0,1.0,0.0,1.0,5.0,0.5,0.0,0.0,5.0,0.5,0.0,1.0,50.0,1.0,2022-08-07,2022-08-05,2022-08-05,2022-08-07,243.1998,-10.480000000000002,0.108735,105.45,-0.9000000000000341,-1008.1118,3.230000000000002,-0.125597,9.39,-1.470000000000038
2022-08-15,30.0,30.0,0.0,中性,0.0,0.5,15.0,0.5,0.0,0.5,10.0,1.0,0.0,0.0,5.0,0.5,0.0,1.0,0.0,0.0,2022-08-14,2022-08-12,2022-08-12,2022-08-14,1205.726,10.32,-0.0088839999999999,96.49,0.9600000000000256,962.5262,20.800000000000004,-0.1176189999999999,-8.960000000000008,1.86000000000006
2022-08-22,65.0,65.0,0.0,中性,0.0,0.5,15.0,0.5,0.0,1.0,0.0,0.0,0.0,0.5,0.0,0.0,0.0,1.0,50.0,1.0,2022-08-21,2022-08-19,2022-08-19,2022-08-21,1122.823,-49.11,0.581824,99.01000000000002,6.240000000000023,-82.90300000000002,-59.43,0.5907079999999999,2.5200000000000244,5.279999999999998
2022-08-29,80.0,80.0,1.0,看多,0.0,1.0,15.0,0.5,0.0,0.5,5.0,0.5,0.0,0.5,10.0,1.0,0.0,1.0,50.0,1.0,2022-08-28,2022-08-26,2022-08-26,2022-08-28,431.0007,-10.46,0.114091,93.22,-3.3399999999999856,-691.8223,38.65,-0.467733,-5.7900000000000205,-9.580000000000007
2022-09-05,90.0,90.0,1.0,看多,0.0,1.0,30.0,1.0,0.0,1.0,5.0,0.5,0.0,0.5,5.0,0.5,0.0,1.0,50.0,1.0,2022-09-04,2022-09-02,2022-09-02,2022-09-04,569.4272,1.65,0.003859,96.23000000000002,0.5500000000000078,138.42649999999998,12.11,-0.110232,3.0100000000000198,3.8899999999999935
2022-09-12,75.0,75.0,1.0,看多,0.0,0.5,15.0,0.5,0.0,0.5,5.0,0.5,0.0,0.5,5.0,0.5,0.0,1.0,50.0,1.0,2022-09-11,2022-09-08,2022-09-09,2022-09-11,784.0331,-8.09,0.072868,96.19,-1.7800000000000296,214.6059,-9.74,0.069009,-0.0400000000000204,-2.3300000000000374
2022-09-19,30.0,30.0,0.0,中性,0.0,0.5,15.0,0.5,0.0,1.0,10.0,1.0,0.0,0.5,5.0,0.5,0.0,1.0,0.0,0.0,2022-09-18,2022-09-16,2022-09-16,2022-09-18,858.0006,10.69,-0.166662,96.15,-0.3400000000000034,73.96749999999997,18.78,-0.23953,-0.039999999999992,1.440000000000026
2022-09-26,75.0,75.0,1.0,看多,0.0,1.0,15.0,0.5,0.0,0.5,5.0,0.5,0.0,0.0,5.0,0.5,0.0,1.0,50.0,1.0,2022-09-25,2022-09-23,2022-09-23,2022-09-25,454.7417,-21.67,0.333059,94.54000000000002,-1.5800000000000054,-403.2589,-32.36,0.4997209999999999,-1.6099999999999852,-1.240000000000002
2022-10-17,70.0,70.0,1.0,看多,0.0,0.5,15.0,0.5,0.0,0.5,0.0,0.0,0.0,0.0,5.0,0.5,0.0,0.5,50.0,1.0,2022-10-16,2022-10-14,2022-10-14,2022-10-16,1842.9968,-20.51,0.0083099999999999,93.12,0.6899999999999906,1388.2551,1.16,-0.324749,-1.420000000000016,2.269999999999996
2022-10-24,85.0,85.0,1.0,看多,0.0,0.0,15.0,0.5,0.0,0.0,10.0,1.0,0.0,0.0,10.0,1.0,0.0,0.5,50.0,1.0,2022-10-23,2022-10-21,2022-10-21,2022-10-23,2825.4851,12.410000000000002,0.128001,89.85000000000002,-3.279999999999948,982.4883,32.92,0.1196910000000001,-3.269999999999982,-3.9699999999999385
2022-10-31,15.0,15.0,0.0,看空,0.0,0.5,15.0,0.5,0.0,0.5,0.0,0.0,0.0,0.5,0.0,0.0,0.0,0.5,0.0,0.0,2022-10-30,2022-10-28,2022-10-28,2022-10-30,1405.5355,-27.18,-0.242476,90.75,5.149999999999988,-1419.9496,-39.59,-0.370477,0.8999999999999773,8.429999999999936
2022-11-07,90.0,90.0,1.0,看多,0.0,0.5,30.0,1.0,0.0,0.5,5.0,0.5,0.0,0.0,5.0,0.5,0.0,0.5,50.0,1.0,2022-11-06,2022-11-04,2022-11-04,2022-11-06,932.2869,2.0299999999999976,0.225323,85.77,-1.1800000000000497,-473.2486,29.21,0.4677989999999999,-4.980000000000004,-6.330000000000037
2022-11-14,30.0,30.0,0.0,中性,0.0,1.0,15.0,0.5,0.0,0.5,5.0,0.5,0.0,0.0,10.0,1.0,0.0,0.5,0.0,0.0,2022-11-13,2022-11-11,2022-11-11,2022-11-13,514.0513,-3.950000000000003,-0.115197,65.43,-2.149999999999963,-418.2356,-5.98,-0.34052,-20.33999999999999,-0.9699999999999134
2022-11-21,50.0,50.0,0.0,中性,0.0,1.0,30.0,1.0,0.0,1.0,10.0,1.0,0.0,0.0,10.0,1.0,0.0,0.0,0.0,0.0,2022-11-20,2022-11-18,2022-11-18,2022-11-20,185.3755,21.81,-2.38453,49.03,-3.360000000000028,-328.6758,25.76,-2.269333,-16.400000000000006,-1.2100000000000648
2022-11-28,30.0,30.0,0.0,中性,0.0,1.0,15.0,0.5,0.0,1.0,5.0,0.5,0.0,0.0,10.0,1.0,0.0,0.0,0.0,0.0,2022-11-27,2022-11-25,2022-11-25,2022-11-27,485.9951,-1.6400000000000023,-0.0365859999999999,54.19999999999998,-4.000000000000004,300.6196,-23.450000000000003,2.347944,5.16999999999998,-0.6399999999999766
2022-12-05,40.0,40.0,0.0,中性,0.0,1.0,30.0,1.0,0.0,1.0,5.0,0.5,0.0,0.0,5.0,0.5,0.0,0.0,0.0,0.0,2022-12-04,2022-12-02,2022-12-02,2022-12-04,375.6,-16.090000000000003,-0.201976,51.62,0.3300000000000302,-110.39509999999996,-14.45,-0.1653900000000001,-2.579999999999984,4.330000000000035
2022-12-12,35.0,35.0,0.0,中性,0.0,1.0,30.0,1.0,0.0,1.0,0.0,0.0,0.0,0.0,5.0,0.5,0.0,0.0,0.0,0.0,2022-12-11,2022-12-09,2022-12-09,2022-12-11,168.1235,-25.230000000000004,-0.932368,41.10999999999998,-0.2800000000000135,-207.4765,-9.14,-0.7303919999999999,-10.51000000000002,-0.6100000000000437
2022-12-19,40.0,40.0,0.0,中性,0.0,1.0,30.0,1.0,0.0,1.0,10.0,1.0,0.0,0.0,0.0,0.0,0.0,0.0,0.0,0.0,2022-12-18,2022-12-16,2022-12-16,2022-12-18,126.0351,11.099999999999994,-0.232911,33.999999999999986,2.8599999999999977,-42.08840000000001,36.33,0.699457,-7.109999999999992,3.1400000000000112
2022-12-26,60.0,60.0,0.0,中性,0.0,1.0,0.0,0.0,0.0,1.0,10.0,1.0,0.0,0.5,0.0,0.0,0.0,0.0,50.0,1.0,2022-12-25,2022-12-23,2022-12-23,2022-12-25,7.23,15.979999999999997,0.0090379999999999,46.99999999999997,6.550000000000011,-118.8051,4.880000000000003,0.2419489999999999,12.999999999999986,3.6900000000000137
2023-01-02,60.0,60.0,0.0,中性,0.0,1.0,0.0,0.0,0.0,0.5,5.0,0.5,0.0,0.0,5.0,0.5,0.0,0.5,50.0,1.0,2023-01-01,2022-12-30,2022-12-31,2023-01-01,212.6,-8.830000000000005,0.148324,64.44000000000001,-1.080000000000016,205.37,-24.81,0.1392860000000001,17.44000000000004,-7.630000000000027
2023-01-09,45.0,45.0,0.0,中性,0.0,0.5,30.0,1.0,0.0,0.5,5.0,0.5,0.0,0.0,10.0,1.0,0.0,0.0,0.0,0.0,2023-01-08,2023-01-06,2023-01-06,2023-01-08,989.45,-13.210000000000004,-0.096194,50.99999999999998,-6.190000000000008,776.85,-4.379999999999999,-0.244518,-13.440000000000031,-5.109999999999992
2023-01-16,25.0,25.0,0.0,看空,0.0,0.0,15.0,0.5,0.0,0.0,0.0,0.0,0.0,0.0,10.0,1.0,0.0,0.0,0.0,0.0,2023-01-15,2023-01-13,2023-01-13,2023-01-15,2987.5775,-20.460000000000008,-0.030598,47.65999999999999,-3.159999999999961,1998.1275,-7.2500000000000036,0.065596,-3.339999999999989,3.0300000000000478
2023-02-06,15.0,15.0,0.0,看空,0.0,0.5,15.0,0.5,0.0,0.5,0.0,0.0,0.0,0.0,0.0,0.0,0.0,0.0,0.0,0.0,2023-02-05,2023-02-03,2023-02-03,2023-02-05,1441.28,-30.390000000000008,-0.146888,46.59,2.110000000000012,-1546.2975,-9.93,-0.1162899999999999,-1.069999999999986,5.269999999999973
2023-02-13,25.0,25.0,0.0,看空,0.0,0.5,15.0,0.5,0.0,0.5,5.0,0.5,0.0,0.0,5.0,0.5,0.0,0.0,0.0,0.0,2023-02-12,2023-02-10,2023-02-10,2023-02-12,921.6907,-7.5300000000000065,-0.06749,43.99999999999999,-0.1900000000000012,-519.5893,22.86,0.079398,-2.5900000000000105,-2.300000000000013
2023-02-20,20.0,20.0,0.0,看空,0.0,0.0,15.0,0.5,0.0,0.0,0.0,0.0,0.0,0.0,5.0,0.5,0.0,0.0,0.0,0.0,2023-02-19,2023-02-17,2023-02-17,2023-02-19,2175.219,-21.320000000000007,-0.079197,40.00000000000004,0.8300000000000196,1253.5283,-13.79,-0.011707,-3.9999999999999503,1.020000000000021
2023-02-27,75.0,75.0,1.0,看多,0.0,0.5,15.0,0.5,0.0,0.5,5.0,0.5,0.0,0.0,5.0,0.5,0.0,0.0,50.0,1.0,2023-02-26,2023-02-24,2023-02-24,2023-02-26,1131.1436,-8.560000000000004,0.340616,33.779999999999966,-1.780000000000026,-1044.0754,12.760000000000003,0.419813,-6.220000000000077,-2.6100000000000456
2023-03-06,75.0,75.0,1.0,看多,0.0,0.5,15.0,0.5,0.0,0.0,5.0,0.5,0.0,0.0,5.0,0.5,0.0,0.0,50.0,1.0,2023-03-05,2023-03-03,2023-03-03,2023-03-05,1529.8643,-10.310000000000006,0.107397,31.349999999999987,0.5700000000000038,398.7206999999999,-1.7500000000000018,-0.2332189999999999,-2.4299999999999784,2.35000000000003
2023-03-13,70.0,70.0,1.0,看多,0.0,0.5,15.0,0.5,0.0,0.5,5.0,0.5,0.0,0.5,0.0,0.0,0.0,0.0,50.0,1.0,2023-03-12,2023-03-10,2023-03-10,2023-03-12,1095.499,-9.640000000000006,0.070988,33.13000000000002,3.2700000000000173,-434.36529999999993,0.6699999999999999,-0.036409,1.7800000000000296,2.700000000000013
2023-03-20,25.0,25.0,0.0,看空,0.0,0.0,15.0,0.5,0.0,0.0,5.0,0.5,0.0,0.0,5.0,0.5,0.0,0.0,0.0,0.0,2023-03-19,2023-03-17,2023-03-17,2023-03-19,3380.3726,-10.310000000000002,-0.007327,35.02000000000001,-1.8600000000000168,2284.8736,-0.6699999999999964,-0.078315,1.8899999999999932,-5.1300000000000345
2023-03-27,10.0,10.0,0.0,看空,0.0,0.0,0.0,0.0,0.0,0.0,5.0,0.5,0.0,0.0,5.0,0.5,0.0,0.0,0.0,0.0,2023-03-26,2023-03-24,2023-03-24,2023-03-26,2485.5167,-13.300000000000002,-0.020826,35.429999999999986,-1.8299999999999983,-894.8559,-2.99,-0.013499,0.4099999999999753,0.0300000000000184
2023-04-03,5.0,5.0,0.0,看空,0.0,0.5,0.0,0.0,0.0,0.5,0.0,0.0,0.0,0.0,5.0,0.5,0.0,0.0,0.0,0.0,2023-04-02,2023-03-31,2023-03-31,2023-04-02,877.6913,-24.72000000000001,-0.54582,41.29999999999998,0.8500000000000174,-1607.8254000000002,-11.420000000000009,-0.524994,5.869999999999997,2.680000000000016
2023-04-10,70.0,70.0,1.0,看多,0.0,0.0,15.0,0.5,0.0,0.5,0.0,0.0,0.0,0.0,5.0,0.5,0.0,0.0,50.0,1.0,2023-04-09,2023-04-07,2023-04-07,2023-04-09,2419.8437,-26.930000000000003,0.18982,36.55000000000004,-0.11000000000001,1542.1524,-2.2099999999999937,0.73564,-4.749999999999943,-0.9600000000000274
2023-04-17,70.0,70.0,1.0,看多,0.0,0.5,15.0,0.5,0.0,0.5,0.0,0.0,0.0,0.0,5.0,0.5,0.0,0.0,50.0,1.0,2023-04-16,2023-04-14,2023-04-14,2023-04-16,1079.8653,-34.620000000000005,0.316936,36.49999999999998,-0.2200000000000201,-1339.9784,-7.690000000000001,0.127116,-0.0500000000000611,-0.11000000000001
2023-04-24,20.0,20.0,0.0,看空,0.0,0.5,15.0,0.5,0.0,0.0,0.0,0.0,0.0,0.0,5.0,0.5,0.0,0.0,0.0,0.0,2023-04-23,2023-04-23,2023-04-23,2023-04-23,2351.0888,-25.510000000000005,-0.2334309999999999,34.50000000000002,0.11000000000001,1271.2235,9.11,-0.5503669999999998,-1.9999999999999571,0.3300000000000301
2023-05-01,85.0,85.0,1.0,看多,0.0,1.0,30.0,1.0,0.0,1.0,0.0,0.0,0.0,0.5,5.0,0.5,0.0,0.0,50.0,1.0,2023-04-30,2023-04-28,2023-04-28,2023-04-30,0.0,-41.35,0.133484,35.51000000000002,0.8300000000000214,-2351.0888,-15.839999999999996,0.3669149999999999,1.009999999999998,0.7200000000000114
2023-05-08,90.0,90.0,1.0,看多,0.0,0.5,30.0,1.0,0.0,0.5,5.0,0.5,0.0,0.5,5.0,0.5,0.0,0.0,50.0,1.0,2023-05-07,2023-05-06,2023-05-06,2023-05-07,697.2973999999999,-16.130000000000003,0.099703,39.01000000000003,0.7699999999999818,697.2973999999999,25.22,-0.0337809999999999,3.500000000000014,-0.0600000000000395
2023-05-15,70.0,70.0,1.0,看多,0.0,0.0,15.0,0.5,0.0,0.5,5.0,0.5,0.0,0.5,0.0,0.0,0.0,0.5,50.0,1.0,2023-05-14,2023-05-12,2023-05-12,2023-05-14,2824.0024,-14.460000000000004,0.144903,46.99,2.510000000000012,2126.705,1.6699999999999982,0.0452,7.979999999999968,1.7400000000000304
2023-05-22,55.0,55.0,0.0,中性,0.0,0.0,0.0,0.0,0.0,0.0,0.0,0.0,0.0,0.5,5.0,0.5,0.0,0.5,50.0,1.0,2023-05-21,2023-05-19,2023-05-19,2023-05-21,3157.3552,-35.190000000000005,0.183548,44.28000000000001,-0.6400000000000219,333.3528000000001,-20.73,0.0386449999999999,-2.7099999999999937,-3.150000000000034
2023-05-29,75.0,75.0,1.0,看多,0.0,0.5,15.0,0.5,0.0,0.5,5.0,0.5,0.0,0.5,5.0,0.5,0.0,0.5,50.0,1.0,2023-05-28,2023-05-26,2023-05-26,2023-05-28,874.8899,-18.92,0.235097,47.57000000000002,-1.2499999999999716,-2282.4653,16.270000000000003,0.051549,3.2900000000000134,-0.6099999999999497
2023-06-05,70.0,70.0,1.0,看多,0.0,0.5,15.0,0.5,0.0,0.5,5.0,0.5,0.0,0.5,0.0,0.0,0.0,0.5,50.0,1.0,2023-06-04,2023-06-02,2023-06-02,2023-06-04,1734.5227,-9.760000000000003,0.048784,52.46,2.179999999999982,859.6328,9.159999999999998,-0.186313,4.889999999999979,3.429999999999953
2023-06-12,75.0,75.0,1.0,看多,0.0,0.5,15.0,0.5,0.0,0.5,5.0,0.5,0.0,0.5,5.0,0.5,0.0,0.5,50.0,1.0,2023-06-11,2023-06-09,2023-06-09,2023-06-11,1618.5648,-13.310000000000006,0.159476,56.67,1.2699999999999712,-115.95789999999988,-3.5500000000000025,0.110692,4.210000000000001,-0.9100000000000108
2023-06-19,20.0,20.0,0.0,看空,0.0,0.0,15.0,0.5,0.0,0.5,0.0,0.0,0.0,0.5,5.0,0.5,0.0,0.5,0.0,0.0,2023-06-18,2023-06-16,2023-06-16,2023-06-18,1991.1465,-25.070000000000004,-0.0562779999999999,52.45000000000002,-1.2799999999999478,372.5817,-11.759999999999998,-0.2157539999999999,-4.219999999999985,-2.549999999999919
2023-06-26,15.0,15.0,0.0,看空,0.0,0.0,0.0,0.0,0.0,0.0,10.0,1.0,0.0,0.5,5.0,0.5,0.0,0.5,0.0,0.0,2023-06-25,2023-06-25,2023-06-25,2023-06-25,2958.0473,4.219999999999997,-0.151493,50.970000000000006,1.0199999999999785,966.9008,29.29,-0.095215,-1.480000000000011,2.299999999999926
2023-07-03,15.0,15.0,0.0,看空,0.0,0.5,15.0,0.5,0.0,0.5,0.0,0.0,0.0,0.5,0.0,0.0,0.0,0.5,0.0,0.0,2023-07-02,2023-06-30,2023-06-30,2023-07-02,1111.9368,-34.230000000000004,-0.0781179999999999,56.13999999999999,2.419999999999998,-1846.1105,-38.45,0.073375,5.169999999999988,1.4000000000000197
2023-07-10,95.0,95.0,1.0,看多,0.0,0.5,30.0,1.0,0.0,1.0,10.0,1.0,0.0,0.5,5.0,0.5,0.0,0.5,50.0,1.0,2023-07-09,2023-07-07,2023-07-07,2023-07-09,792.2485,21.46,0.362172,60.00000000000001,-0.1599999999999823,-319.6882999999999,55.690000000000005,0.4402899999999999,3.8600000000000136,-2.5799999999999805
2023-07-17,60.0,60.0,0.0,中性,0.0,0.0,0.0,0.0,0.0,0.5,5.0,0.5,0.0,0.5,5.0,0.5,0.0,0.5,50.0,1.0,2023-07-16,2023-07-14,2023-07-14,2023-07-16,1915.0524,-6.520000000000005,0.327554,54.67,-1.7400000000000304,1122.8039,-27.980000000000004,-0.0346179999999999,-5.330000000000005,-1.580000000000048
2023-07-24,70.0,70.0,1.0,看多,0.0,0.0,15.0,0.5,0.0,0.5,5.0,0.5,0.0,0.5,0.0,0.0,0.0,0.5,50.0,1.0,2023-07-23,2023-07-21,2023-07-21,2023-07-23,2217.1933,-21.24,0.164997,56.78000000000001,2.7600000000000087,302.1408999999999,-14.719999999999994,-0.162557,2.1100000000000065,4.500000000000039
2023-07-31,20.0,20.0,0.0,看空,0.0,0.0,0.0,0.0,0.0,0.0,10.0,1.0,0.0,0.5,10.0,1.0,0.0,0.5,0.0,0.0,2023-07-30,2023-07-28,2023-07-28,2023-07-30,2651.6263,10.509999999999994,-0.452845,54.25,-5.070000000000043,434.433,31.749999999999996,-0.617842,-2.530000000000008,-7.830000000000052
2023-08-07,80.0,80.0,1.0,看多,0.0,0.5,15.0,0.5,0.0,0.5,10.0,1.0,0.0,0.5,5.0,0.5,0.0,0.5,50.0,1.0,2023-08-06,2023-08-04,2023-08-04,2023-08-06,1522.8721,11.889999999999995,0.063573,56.86,-0.2499999999999502,-1128.7542,1.3800000000000008,0.516418,2.6099999999999994,4.820000000000093
2023-08-14,70.0,70.0,1.0,看多,0.0,0.5,15.0,0.5,0.0,0.5,5.0,0.5,0.0,0.5,0.0,0.0,0.0,0.5,50.0,1.0,2023-08-13,2023-08-11,2023-08-11,2023-08-13,1918.8838,-6.020000000000005,0.052848,57.54000000000001,2.059999999999995,396.0117,-17.91,-0.010725,0.6800000000000139,2.309999999999945
2023-08-21,60.0,60.0,0.0,中性,0.0,0.0,0.0,0.0,0.0,0.0,5.0,0.5,0.0,0.5,5.0,0.5,0.0,0.5,50.0,1.0,2023-08-20,2023-08-18,2023-08-18,2023-08-20,4500.5188,-10.350000000000003,0.1771589999999999,55.86000000000002,-0.0099999999999766,2581.635,-4.329999999999998,0.1243109999999999,-1.6799999999999926,-2.069999999999972
2023-08-28,55.0,55.0,0.0,中性,0.0,0.0,0.0,0.0,0.0,0.0,0.0,0.0,0.0,0.5,5.0,0.5,0.0,0.5,50.0,1.0,2023-08-27,2023-08-25,2023-08-25,2023-08-27,2650.4207,-44.82000000000001,0.332001,50.280000000000015,-1.960000000000008,-1850.0981,-34.470000000000006,0.1548420000000001,-5.580000000000005,-1.9500000000000317
2023-09-04,80.0,80.0,1.0,看多,0.0,0.5,15.0,0.5,0.0,0.5,10.0,1.0,0.0,0.5,5.0,0.5,0.0,0.5,50.0,1.0,2023-09-03,2023-09-01,2023-09-01,2023-09-03,1514.1124,13.579999999999997,0.0488419999999999,49.33999999999998,1.07999999999997,-1136.3083,58.400000000000006,-0.2831590000000001,-0.9400000000000333,3.039999999999978
2023-09-11,30.0,30.0,0.0,中性,0.0,0.0,15.0,0.5,0.0,0.5,10.0,1.0,0.0,0.5,5.0,0.5,0.0,0.5,0.0,0.0,2023-09-10,2023-09-08,2023-09-08,2023-09-10,2467.5184,29.03,-0.846372,41.990000000000016,0.8999999999999915,953.406,15.450000000000005,-0.895214,-7.349999999999966,-0.1799999999999786
2023-09-18,45.0,45.0,0.0,中性,0.0,0.5,30.0,1.0,0.0,0.5,10.0,1.0,0.0,0.5,5.0,0.5,0.0,0.5,0.0,0.0,2023-09-17,2023-09-15,2023-09-15,2023-09-17,1690.4386,22.64,-0.053635,41.19000000000001,0.450000000000017,-777.0798,-6.390000000000004,0.792737,-0.8000000000000043,-0.4499999999999745
2023-09-25,65.0,65.0,0.0,中性,0.0,0.5,0.0,0.0,0.0,0.0,10.0,1.0,0.0,0.5,5.0,0.5,0.0,0.5,50.0,1.0,2023-09-24,2023-09-22,2023-09-22,2023-09-24,2028.9971,17.049999999999997,0.19734,43.25999999999999,-1.690000000000012,338.5585000000001,-5.59,0.250975,2.069999999999979,-2.140000000000029
2023-10-16,20.0,20.0,0.0,看空,0.0,0.0,15.0,0.5,0.0,0.5,5.0,0.5,0.0,1.0,0.0,0.0,0.0,0.5,0.0,0.0,2023-10-15,2023-10-13,2023-10-13,2023-10-15,6421.4154,-3.660000000000004,-0.146731,41.49999999999996,3.6399999999999535,4392.418299999999,-20.71,-0.344071,-1.7600000000000335,5.329999999999965
2023-10-23,20.0,20.0,0.0,看空,0.0,0.0,15.0,0.5,0.0,0.5,5.0,0.5,0.0,1.0,0.0,0.0,0.0,0.5,0.0,0.0,2023-10-22,2023-10-20,2023-10-20,2023-10-22,3561.6468,1.519999999999996,-0.190403,41.39000000000004,2.390000000000025,-2859.7686,5.18,-0.0436719999999999,-0.1099999999999141,-1.2499999999999285
2023-10-30,15.0,15.0,0.0,看空,0.0,0.5,0.0,0.0,0.0,0.5,10.0,1.0,0.0,1.0,5.0,0.5,0.0,0.0,0.0,0.0,2023-10-29,2023-10-27,2023-10-27,2023-10-29,2161.8251,16.589999999999996,-0.103995,38.76999999999997,-0.4300000000000175,-1399.8217,15.07,0.0864079999999999,-2.620000000000076,-2.8200000000000425
2023-11-06,35.0,35.0,0.0,中性,0.0,0.5,30.0,1.0,0.0,0.5,5.0,0.5,0.0,1.0,0.0,0.0,0.0,0.0,0.0,0.0,2023-11-05,2023-11-03,2023-11-03,2023-11-05,1131.2383,-16.400000000000002,-0.025885,38.64000000000001,3.069999999999993,-1030.5868,-32.989999999999995,0.07811,-0.1299999999999599,3.5000000000000107
2023-11-13,85.0,85.0,1.0,看多,0.0,0.5,30.0,1.0,0.0,1.0,0.0,0.0,0.0,1.0,5.0,0.5,0.0,0.0,50.0,1.0,2023-11-12,2023-11-10,2023-11-10,2023-11-12,1653.0019,-87.08,0.272113,37.18999999999997,1.7399999999999878,521.7636,-70.67999999999999,0.297998,-1.4500000000000384,-1.3300000000000054
2023-11-20,80.0,80.0,1.0,看多,0.0,0.5,15.0,0.5,0.0,0.5,5.0,0.5,0.0,1.0,10.0,1.0,0.0,0.0,50.0,1.0,2023-11-19,2023-11-17,2023-11-17,2023-11-19,2017.8782,-10.02,0.196007,37.19000000000001,-2.049999999999976,364.8763000000001,77.06,-0.076106,4.263256414560601e-14,-3.789999999999964
2023-11-27,85.0,85.0,1.0,看多,0.0,1.0,15.0,0.5,0.0,1.0,10.0,1.0,0.0,1.0,10.0,1.0,0.0,0.0,50.0,1.0,2023-11-26,2023-11-24,2023-11-24,2023-11-26,698.3842000000001,16.27,0.282282,31.69,-5.289999999999971,-1319.494,26.29,0.0862749999999999,-5.500000000000011,-3.239999999999995
2023-12-04,20.0,20.0,0.0,看空,0.0,0.5,15.0,0.5,0.0,0.5,5.0,0.5,0.0,1.0,0.0,0.0,0.0,0.0,0.0,0.0,2023-12-03,2023-12-01,2023-12-01,2023-12-03,1286.4211,-12.41,-0.081773,29.78000000000001,3.619999999999955,588.0369,-28.68,-0.3640549999999999,-1.909999999999993,8.909999999999926
2023-12-11,95.0,95.0,1.0,看多,0.0,1.0,30.0,1.0,0.0,1.0,10.0,1.0,0.0,1.0,5.0,0.5,0.0,0.0,50.0,1.0,2023-12-10,2023-12-08,2023-12-08,2023-12-10,311.9249,4.250000000000001,0.208074,25.699999999999967,-1.190000000000026,-974.4962,16.66,0.289847,-4.080000000000041,-4.809999999999981
2023-12-18,85.0,85.0,1.0,看多,0.0,1.0,30.0,1.0,0.0,1.0,0.0,0.0,0.0,1.0,5.0,0.5,0.0,0.0,50.0,1.0,2023-12-17,2023-12-15,2023-12-15,2023-12-17,287.5753,-98.49,0.199084,27.780000000000005,0.1700000000000514,-24.349599999999956,-102.74,-0.0089899999999999,2.0800000000000374,1.3600000000000774
2024-01-08,35.0,35.0,0.0,中性,0.0,1.0,30.0,1.0,0.0,1.0,0.0,0.0,0.0,1.0,5.0,0.5,0.0,0.0,0.0,0.0,2024-01-07,2024-01-05,2024-01-05,2024-01-07,0.0,-66.49,-0.142667,31.84999999999998,-1.910000000000036,-287.5753,32.0,-0.341751,4.069999999999975,-2.080000000000087
2024-01-15,,40.0,0.0,中性,,,,,,,,,,,,,,,,,,,,,,,,,,,,,,
2024-01-22,,55.0,0.0,中性,,,,,,,,,,,,,,,,,,,,,,,,,,,,,,
2024-01-29,,10.0,0.0,看空,,,,,,,,,,,,,,,,,,,,,,,,,,,,,,
2024-02-05,,70.0,1.0,看多,,,,,,,,,,,,,,,,,,,,,,,,,,,,,,
2024-02-26,,60.0,0.0,中性,,,,,,,,,,,,,,,,,,,,,,,,,,,,,,
2024-03-04,,85.0,1.0,看多,,,,,,,,,,,,,,,,,,,,,,,,,,,,,,
2024-03-11,,70.0,1.0,看多,,,,,,,,,,,,,,,,,,,,,,,,,,,,,,
2024-03-18,,40.0,0.0,中性,,,,,,,,,,,,,,,,,,,,,,,,,,,,,,
2024-03-25,,55.0,0.0,中性,,,,,,,,,,,,,,,,,,,,,,,,,,,,,,
2024-04-01,,45.0,0.0,中性,,,,,,,,,,,,,,,,,,,,,,,,,,,,,,
2024-04-08,,95.0,1.0,看多,,,,,,,,,,,,,,,,,,,,,,,,,,,,,,
2024-04-15,,70.0,1.0,看多,,,,,,,,,,,,,,,,,,,,,,,,,,,,,,
2024-04-22,,70.0,1.0,看多,,,,,,,,,,,,,,,,,,,,,,,,,,,,,,
2024-04-29,,70.0,1.0,看多,,,,,,,,,,,,,,,,,,,,,,,,,,,,,,
2024-05-06,,25.0,0.0,看空,,,,,,,,,,,,,,,,,,,,,,,,,,,,,,
2024-05-13,,100.0,1.0,看多,,,,,,,,,,,,,,,,,,,,,,,,,,,,,,
2024-05-20,,35.0,0.0,中性,,,,,,,,,,,,,,,,,,,,,,,,,,,,,,
2024-05-27,,60.0,0.0,中性,,,,,,,,,,,,,,,,,,,,,,,,,,,,,,
2024-06-03,,35.0,0.0,中性,,,,,,,,,,,,,,,,,,,,,,,,,,,,,,
2024-06-10,,95.0,1.0,看多,,,,,,,,,,,,,,,,,,,,,,,,,,,,,,
2024-06-17,,10.0,0.0,看空,,,,,,,,,,,,,,,,,,,,,,,,,,,,,,
2024-06-24,,80.0,1.0,看多,,,,,,,,,,,,,,,,,,,,,,,,,,,,,,
2024-07-01,,70.0,1.0,看多,,,,,,,,,,,,,,,,,,,,,,,,,,,,,,
2024-07-08,,30.0,0.0,中性,,,,,,,,,,,,,,,,,,,,,,,,,,,,,,
2024-07-15,,67.5,0.0,中性,,,,,,,,,,,,,,,,,,,,,,,,,,,,,,
2024-07-22,,72.5,1.0,看多,,,,,,,,,,,,,,,,,,,,,,,,,,,,,,
2024-07-29,,55.0,0.0,中性,,,,,,,,,,,,,,,,,,,,,,,,,,,,,,
2024-08-05,,70.0,1.0,看多,,,,,,,,,,,,,,,,,,,,,,,,,,,,,,
2024-08-12,,77.5,1.0,看多,,,,,,,,,,,,,,,,,,,,,,,,,,,,,,
2024-08-19,,25.0,0.0,看空,,,,,,,,,,,,,,,,,,,,,,,,,,,,,,
2024-08-26,,20.0,0.0,看空,,,,,,,,,,,,,,,,,,,,,,,,,,,,,,
2024-09-02,,40.0,0.0,中性,,,,,,,,,,,,,,,,,,,,,,,,,,,,,,
2024-09-09,,22.5,0.0,看空,,,,,,,,,,,,,,,,,,,,,,,,,,,,,,
2024-09-16,,52.5,0.0,中性,,,,,,,,,,,,,,,,,,,,,,,,,,,,,,
2024-09-23,,57.5,0.0,中性,,,,,,,,,,,,,,,,,,,,,,,,,,,,,,
2024-09-30,,15.0,0.0,看空,,,,,,,,,,,,,,,,,,,,,,,,,,,,,,
2024-10-07,,37.5,0.0,中性,,,,,,,,,,,,,,,,,,,,,,,,,,,,,,
2024-10-14,,45.0,0.0,中性,,,,,,,,,,,,,,,,,,,,,,,,,,,,,,
2024-10-21,,75.0,1.0,看多,,,,,,,,,,,,,,,,,,,,,,,,,,,,,,
2024-10-28,,12.5,0.0,看空,,,,,,,,,,,,,,,,,,,,,,,,,,,,,,
2024-11-04,,42.5,0.0,中性,,,,,,,,,,,,,,,,,,,,,,,,,,,,,,
2024-11-11,,75.0,1.0,看多,,,,,,,,,,,,,,,,,,,,,,,,,,,,,,
2024-11-18,,77.5,1.0,看多,,,,,,,,,,,,,,,,,,,,,,,,,,,,,,
2024-11-25,,60.0,0.0,中性,,,,,,,,,,,,,,,,,,,,,,,,,,,,,,
2024-12-02,,57.5,0.0,中性,,,,,,,,,,,,,,,,,,,,,,,,,,,,,,
2024-12-09,,57.5,0.0,中性,,,,,,,,,,,,,,,,,,,,,,,,,,,,,,
2024-12-16,,67.5,0.0,中性,,,,,,,,,,,,,,,,,,,,,,,,,,,,,,
2024-12-23,,42.5,0.0,中性,,,,,,,,,,,,,,,,,,,,,,,,,,,,,,
2025-01-06,,40.0,0.0,中性,,,,,,,,,,,,,,,,,,,,,,,,,,,,,,
2025-01-13,,27.5,0.0,看空,,,,,,,,,,,,,,,,,,,,,,,,,,,,,,
2025-01-20,,37.5,0.0,中性,,,,,,,,,,,,,,,,,,,,,,,,,,,,,,
2025-01-27,,22.5,0.0,看空,,,,,,,,,,,,,,,,,,,,,,,,,,,,,,
2025-02-03,,72.5,1.0,看多,,,,,,,,,,,,,,,,,,,,,,,,,,,,,,
2025-02-10,,70.0,1.0,看多,,,,,,,,,,,,,,,,,,,,,,,,,,,,,,
2025-02-17,,85.0,1.0,看多,,,,,,,,,,,,,,,,,,,,,,,,,,,,,,
2025-02-24,,0.0,0.0,看空,,,,,,,,,,,,,,,,,,,,,,,,,,,,,,
2025-03-03,,5.0,0.0,看空,,,,,,,,,,,,,,,,,,,,,,,,,,,,,,
2025-03-10,,42.5,0.0,中性,,,,,,,,,,,,,,,,,,,,,,,,,,,,,,
2025-03-17,,5.0,0.0,看空,,,,,,,,,,,,,,,,,,,,,,,,,,,,,,
2025-03-24,,70.0,1.0,看多,,,,,,,,,,,,,,,,,,,,,,,,,,,,,,
2025-03-31,,70.0,1.0,看多,,,,,,,,,,,,,,,,,,,,,,,,,,,,,,
2025-04-07,,72.5,1.0,看多,,,,,,,,,,,,,,,,,,,,,,,,,,,,,,
2025-04-14,,55.0,0.0,中性,,,,,,,,,,,,,,,,,,,,,,,,,,,,,,
2025-04-21,,72.5,1.0,看多,,,,,,,,,,,,,,,,,,,,,,,,,,,,,,
2025-04-28,,87.5,1.0,看多,,,,,,,,,,,,,,,,,,,,,,,,,,,,,,
2025-05-05,,75.0,1.0,看多,,,,,,,,,,,,,,,,,,,,,,,,,,,,,,
2025-05-12,,95.0,1.0,看多,,,,,,,,,,,,,,,,,,,,,,,,,,,,,,
2025-05-19,,25.0,0.0,看空,,,,,,,,,,,,,,,,,,,,,,,,,,,,,,
2025-05-26,,90.0,1.0,看多,,,,,,,,,,,,,,,,,,,,,,,,,,,,,,
2025-06-02,,60.0,0.0,中性,,,,,,,,,,,,,,,,,,,,,,,,,,,,,,
2025-06-09,,27.5,0.0,看空,,,,,,,,,,,,,,,,,,,,,,,,,,,,,,
2025-06-16,,92.5,1.0,看多,,,,,,,,,,,,,,,,,,,,,,,,,,,,,,
2025-06-23,,87.5,1.0,看多,,,,,,,,,,,,,,,,,,,,,,,,,,,,,,
2025-06-30,,77.5,1.0,看多,,,,,,,,,,,,,,,,,,,,,,,,,,,,,,
2025-07-07,,75.0,1.0,看多,,,,,,,,,,,,,,,,,,,,,,,,,,,,,,
2025-07-14,,75.0,1.0,看多,,,,,,,,,,,,,,,,,,,,,,,,,,,,,,
2025-07-21,,22.5,0.0,看空,,,,,,,,,,,,,,,,,,,,,,,,,,,,,,
2025-07-28,,40.0,0.0,中性,,,,,,,,,,,,,,,,,,,,,,,,,,,,,,
2025-08-04,,57.5,0.0,中性,,,,,,,,,,,,,,,,,,,,,,,,,,,,,,
2025-08-11,,30.0,0.0,中性,,,,,,,,,,,,,,,,,,,,,,,,,,,,,,
2025-08-18,,22.5,0.0,看空,,,,,,,,,,,,,,,,,,,,,,,,,,,,,,
2025-08-25,,7.5,0.0,看空,,,,,,,,,,,,,,,,,,,,,,,,,,,,,,
2025-09-01,,80.0,1.0,看多,,,,,,,,,,,,,,,,,,,,,,,,,,,,,,
2025-09-08,,77.5,1.0,看多,,,,,,,,,,,,,,,,,,,,,,,,,,,,,,
2025-09-15,,27.5,0.0,看空,,,,,,,,,,,,,,,,,,,,,,,,,,,,,,
2025-09-22,,77.5,1.0,看多,,,,,,,,,,,,,,,,,,,,,,,,,,,,,,
2025-09-29,,10.0,0.0,看空,,,,,,,,,,,,,,,,,,,,,,,,,,,,,,
2025-10-06,,82.5,1.0,看多,,,,,,,,,,,,,,,,,,,,,,,,,,,,,,
2025-10-13,,32.5,0.0,中性,,,,,,,,,,,,,,,,,,,,,,,,,,,,,,
2025-10-20,,45.0,0.0,中性,,,,,,,,,,,,,,,,,,,,,,,,,,,,,,
2025-10-27,,75.0,1.0,看多,,,,,,,,,,,,,,,,,,,,,,,,,,,,,,
2025-11-03,,77.5,1.0,看多,,,,,,,,,,,,,,,,,,,,,,,,,,,,,,
2025-11-10,,95.0,1.0,看多,,,,,,,,,,,,,,,,,,,,,,,,,,,,,,
2025-11-17,,25.0,0.0,看空,,,,,,,,,,,,,,,,,,,,,,,,,,,,,,
2025-11-24,,22.5,0.0,看空,,,,,,,,,,,,,,,,,,,,,,,,,,,,,,
2025-12-01,,30.0,0.0,中性,,,,,,,,,,,,,,,,,,,,,,,,,,,,,,
2025-12-08,,15.0,0.0,看空,,,,,,,,,,,,,,,,,,,,,,,,,,,,,,
2025-12-15,,32.5,0.0,中性,,,,,,,,,,,,,,,,,,,,,,,,,,,,,,
2025-12-22,,32.5,0.0,中性,,,,,,,,,,,,,,,,,,,,,,,,,,,,,,
2025-12-29,,77.5,1.0,看多,,,,,,,,,,,,,,,,,,,,,,,,,,,,,,
2026-01-05,,80.0,1.0,看多,,,,,,,,,,,,,,,,,,,,,,,,,,,,,,
2026-01-12,,27.5,0.0,看空,,,,,,,,,,,,,,,,,,,,,,,,,,,,,,
2026-01-19,,27.5,0.0,看空,,,,,,,,,,,,,,,,,,,,,,,,,,,,,,
2026-01-26,,90.0,1.0,看多,,,,,,,,,,,,,,,,,,,,,,,,,,,,,,
2026-02-02,,72.5,1.0,看多,,,,,,,,,,,,,,,,,,,,,,,,,,,,,,
2026-02-09,,72.5,1.0,看多,,,,,,,,,,,,,,,,,,,,,,,,,,,,,,
2026-03-02,,5.0,0.0,看空,,,,,,,,,,,,,,,,,,,,,,,,,,,,,,
2026-03-09,,97.5,1.0,看多,,,,,,,,,,,,,,,,,,,,,,,,,,,,,,
2026-03-16,,92.5,1.0,看多,,,,,,,,,,,,,,,,,,,,,,,,,,,,,,
2026-03-23,,75.0,1.0,看多,,,,,,,,,,,,,,,,,,,,,,,,,,,,,,
2026-03-30,,77.5,1.0,看多,,,,,,,,,,,,,,,,,,,,,,,,,,,,,,
2026-04-06,,77.5,1.0,看多,,,,,,,,,,,,,,,,,,,,,,,,,,,,,,
2026-04-13,,75.0,1.0,看多,,,,,,,,,,,,,,,,,,,,,,,,,,,,,,
2026-04-20,,75.0,1.0,看多,,,,,,,,,,,,,,,,,,,,,,,,,,,,,,
2026-04-27,,65.0,0.0,中性,,,,,,,,,,,,,,,,,,,,,,,,,,,,,,
2026-05-04,,95.0,1.0,看多,,,,,,,,,,,,,,,,,,,,,,,,,,,,,,
2026-05-11,,40.0,0.0,中性,,,,,,,,,,,,,,,,,,,,,,,,,,,,,,
2026-05-18,,80.0,1.0,看多,,,,,,,,,,,,,,,,,,,,,,,,,,,,,,
2026-05-25,,55.0,0.0,中性,,,,,,,,,,,,,,,,,,,,,,,,,,,,,,
2026-06-01,,75.0,1.0,看多,,,,,,,,,,,,,,,,,,,,,,,,,,,,,,
2026-06-08,,80.0,1.0,看多,,,,,,,,,,,,,,,,,,,,,,,,,,,,,,
2026-06-15,,25.0,0.0,看空,,,,,,,,,,,,,,,,,,,,,,,,,,,,,,
2026-06-22,,75.0,1.0,看多,,,,,,,,,,,,,,,,,,,,,,,,,,,,,,
2026-06-29,,75.0,1.0,看多,,,,,,,,,,,,,,,,,,,,,,,,,,,,,,
2026-07-06,,35.0,0.0,中性,,,,,,,,,,,,,,,,,,,,,,,,,,,,,,
2026-07-13,,25.0,0.0,看空,,,,,,,,,,,,,,,,,,,,,,,,,,,,,,
2026-07-20,,65.0,0.0,中性,,,,,,,,,,,,,,,,,,,,,,,,,,,,,,
2026-07-27,,70.0,1.0,看多,,,,,,,,,,,,,,,,,,,,,,,,,,,,,,
2026-08-03,,75.0,1.0,看多,,,,,,,,,,,,,,,,,,,,,,,,,,,,,,
2026-08-10,,75.0,1.0,看多,,,,,,,,,,,,,,,,,,,,,,,,,,,,,,
2026-08-17,,70.0,1.0,看多,,,,,,,,,,,,,,,,,,,,,,,,,,,,,,
2026-08-24,,65.0,0.0,中性,,,,,,,,,,,,,,,,,,,,,,,,,,,,,,
2026-08-31,,75.0,1.0,看多,,,,,,,,,,,,,,,,,,,,,,,,,,,,,,
2026-09-07,75.0,75.0,1.0,看多,0.0,0.5,15.0,0.5,0.0,0.5,5.0,0.5,0.0,0.0,5.0,0.5,0.0,0.0,50.0,1.0,2026-09-06,2026-09-04,2026-09-04,2026-09-06,1524.5209,19.58999999999996,0.447013,27.45,0.6600000000000161,-35.73479999999995,-29.89,0.1786579999999999,-0.2899999999999885,0.7300000000000306
