signal_date,总分_raw,总分,仓位,结论,供给|发行量_得分,供给|发行量_乘数,供给|发行占比_得分,供给|发行占比_乘数,供给|10Y以上发行_得分,供给|10Y以上发行_乘数,需求|银行总净买入_得分,需求|银行总净买入_乘数,估值|地方债-国债利差_得分,估值|地方债-国债利差_乘数,估值|地方债-国债利差变化_得分,估值|地方债-国债利差变化_乘数,估值|地方债-NCD利差_得分,估值|地方债-NCD利差_乘数,供给|发行量变化_得分,供给|发行量变化_乘数,需求|银行总净买入变化_得分,需求|银行总净买入变化_乘数,估值|地方债-NCD利差变化_得分,估值|地方债-NCD利差变化_乘数,估值|地方债-国债利差变化加速度_得分,估值|地方债-国债利差变化加速度_乘数,供需交互|供给×银行承接_得分,供需交互|供给×银行承接_乘数,供需交互|供给×非银承接_得分,供需交互|供给×非银承接_乘数,supply_observed_at,bank_observed_at,valuation_observed_at,sentiment_observed_at,supply_amount_raw,supply_ratio_raw,supply_long_raw,bank_demand_raw,spread_gov_raw,nonbank_sentiment_raw,spread_ncd_raw,spread_change_raw,supply_amount_change_raw,bank_demand_change_raw,nonbank_sentiment_change_raw,spread_ncd_change_raw,spread_change_acceleration_raw
2022-01-17,47.5,47.5,0.0,中性,0.0,0.0,2.5,0.5,17.5,0.5,0.0,0.0,0.0,0.0,22.5,0.5,0.0,0.0,2.5,0.5,2.5,0.5,0.0,0.5,0.0,0.5,0.0,0.0,0.0,0.0,2022-01-16,2022-01-14,2022-01-14,2022-01-16,1960.224,0.5429646470689907,438.465,-26.74,33.15000000000001,0.259396,51.500000000000014,-1.5400000000000065,,,,,
2022-01-24,50.0,50.0,0.0,中性,0.0,0.0,0.0,0.0,0.0,0.0,0.0,0.5,0.0,0.0,45.0,1.0,0.0,0.5,2.5,0.5,2.5,0.5,0.0,0.0,0.0,0.5,0.0,0.0,0.0,0.0,2022-01-23,2022-01-21,2022-01-21,2022-01-23,4462.3372,0.802241403128167,2580.8094,-12.69,29.999999999999982,0.52866,54.99999999999999,-3.1500000000000306,2502.1132,14.049999999999999,0.269264,3.4999999999999787,-1.610000000000024
2022-02-14,60.0,60.0,0.0,中性,0.0,1.0,5.0,1.0,17.5,0.5,0.0,1.0,0.0,0.5,22.5,0.5,0.0,1.0,5.0,1.0,5.0,1.0,0.0,0.0,0.0,0.5,0.0,1.0,5.0,1.0,2022-02-13,2022-02-11,2022-02-11,2022-02-13,537.3735,0.2117833657520266,331.527,15.03,30.57000000000003,0.888464,63.98000000000002,-0.7099999999999902,-3924.9637,27.72,0.359804,8.980000000000025,2.4400000000000404
2022-02-21,25.0,25.0,0.0,中性,0.0,0.0,0.0,0.0,0.0,0.0,0.0,0.5,0.0,0.0,22.5,0.5,0.0,0.5,2.5,0.5,0.0,0.0,0.0,1.0,0.0,0.5,0.0,0.0,0.0,0.0,2022-02-20,2022-02-18,2022-02-18,2022-02-20,2558.1437,0.7617731486594811,1350.7526,2.369999999999999,28.29999999999999,0.311585,60.04999999999998,-2.2700000000000387,2020.7702,-12.66,-0.576879,-3.9300000000000352,-1.5600000000000485
2022-02-28,25.0,25.0,0.0,中性,0.0,0.5,2.5,0.5,17.5,0.5,0.0,0.0,0.0,1.0,0.0,0.0,0.0,0.5,2.5,0.5,2.5,0.5,0.0,0.5,0.0,0.0,0.0,0.0,0.0,0.0,2022-02-27,2022-02-25,2022-02-25,2022-02-27,1237.22,0.673419623126245,657.4399999999999,-6.820000000000001,34.920000000000016,-0.027697,59.42000000000003,6.620000000000026,-1320.9237,-9.190000000000001,-0.339282,-0.6299999999999528,8.890000000000065
2022-03-07,35.0,35.0,0.0,中性,0.0,0.5,5.0,1.0,0.0,0.0,0.0,1.0,0.0,0.5,22.5,0.5,0.0,0.0,2.5,0.5,5.0,1.0,0.0,0.5,0.0,1.0,0.0,0.5,0.0,0.0,2022-03-06,2022-03-04,2022-03-04,2022-03-06,1350.6348,0.396006866522326,787.749,17.78,32.920000000000016,-0.057947,56.67,-2.0,113.41480000000001,24.6,-0.03025,-2.7500000000000284,-8.620000000000026
2022-03-14,5.0,5.0,0.0,看空,0.0,0.5,2.5,0.5,0.0,0.0,0.0,0.0,0.0,1.0,0.0,0.0,0.0,0.0,2.5,0.5,0.0,0.0,0.0,0.5,0.0,0.0,0.0,0.0,0.0,0.0,2022-03-13,2022-03-11,2022-03-11,2022-03-13,2070.5023,0.5241111491062795,886.3181000000001,-12.55,36.92999999999999,-0.38269,54.95000000000001,4.009999999999977,719.8675000000001,-30.330000000000002,-0.324743,-1.7199999999999918,6.009999999999977
2022-03-21,30.0,30.0,0.0,中性,0.0,0.5,2.5,0.5,0.0,0.0,0.0,0.0,0.0,1.0,22.5,0.5,0.0,0.0,2.5,0.5,2.5,0.5,0.0,0.5,0.0,1.0,0.0,0.0,0.0,0.0,2022-03-20,2022-03-18,2022-03-18,2022-03-20,1731.0962,0.4958603546931763,1080.576,-22.37,36.140000000000015,-0.7804849999999999,56.410000000000025,-0.7899999999999778,-339.40610000000015,-9.82,-0.3977949999999999,1.460000000000015,-4.7999999999999545
2022-03-28,47.5,47.5,0.0,中性,0.0,0.5,0.0,0.0,17.5,0.5,0.0,0.5,0.0,0.5,22.5,0.5,0.0,0.0,5.0,1.0,2.5,0.5,0.0,0.5,0.0,0.5,0.0,0.25,0.0,0.0,2022-03-27,2022-03-25,2022-03-25,2022-03-27,1034.4352,1.0,614.2331,-10.05,34.220000000000006,-0.497478,53.94000000000001,-1.9200000000000088,-696.6610000000001,12.32,0.2830069999999999,-2.470000000000013,-1.130000000000031
2022-04-04,70.0,70.0,1.0,看多,0.0,1.0,5.0,1.0,35.0,1.0,0.0,1.0,0.0,0.5,22.5,0.5,0.0,0.5,2.5,0.5,5.0,1.0,0.0,0.0,0.0,0.5,0.0,1.0,0.0,0.0,2022-04-03,2022-04-02,2022-04-02,2022-04-03,346.5442,0.1983830040481,2.9,10.15,33.530000000000015,-0.073156,59.16999999999999,-0.6899999999999906,-687.8909999999998,20.200000000000003,0.424322,5.229999999999976,1.2300000000000182
2022-04-11,70.0,70.0,1.0,看多,0.0,1.0,5.0,1.0,35.0,1.0,0.0,0.5,0.0,0.5,22.5,0.5,0.0,1.0,2.5,0.5,0.0,0.0,0.0,0.5,0.0,0.5,0.0,0.5,5.0,1.0,2022-04-10,2022-04-08,2022-04-08,2022-04-10,508.0146,0.2442830512922923,108.8428,-2.1500000000000004,33.11999999999999,0.100424,61.40999999999997,-0.410000000000025,161.47039999999998,-12.3,0.17358,2.2399999999999807,0.2799999999999656
2022-04-18,67.5,67.5,0.0,中性,0.0,0.5,5.0,1.0,35.0,1.0,0.0,1.0,0.0,0.0,22.5,0.5,0.0,1.0,0.0,0.0,5.0,1.0,0.0,0.5,0.0,0.5,0.0,0.5,0.0,0.0,2022-04-17,2022-04-15,2022-04-15,2022-04-17,1044.2761,0.2591335500364391,21.4,24.129999999999995,30.35000000000001,-0.063833,60.13000000000002,-2.769999999999982,536.2615000000001,26.279999999999994,-0.164257,-1.2799999999999514,-2.359999999999957
2022-04-25,47.5,47.5,0.0,中性,0.0,0.5,5.0,1.0,17.5,0.5,0.0,0.5,0.0,0.0,22.5,0.5,0.0,1.0,2.5,0.5,0.0,0.0,0.0,0.0,0.0,0.5,0.0,0.25,0.0,0.0,2022-04-24,2022-04-24,2022-04-24,2022-04-24,943.2295,0.35656408776298,584.7388,-1.930000000000001,28.069999999999997,-0.259823,71.41999999999999,-2.280000000000016,-101.04660000000001,-26.059999999999995,-0.19599000000000003,11.28999999999997,0.489999999999966
2022-05-02,72.5,72.5,1.0,看多,0.0,1.0,5.0,1.0,35.0,1.0,0.0,0.0,0.0,0.0,22.5,0.5,0.0,1.0,5.0,1.0,0.0,0.0,0.0,0.5,0.0,0.5,0.0,0.0,5.0,1.0,2022-05-01,2022-04-29,2022-04-29,2022-05-01,151.7825,0.1121421961495623,0.0,-41.28,26.50999999999999,0.131171,71.36999999999998,-1.5600000000000025,-791.447,-39.35,0.39099400000000006,-0.05000000000001137,0.7200000000000133
2022-05-09,30.0,30.0,0.0,中性,0.0,0.0,2.5,0.5,0.0,0.0,0.0,0.5,0.0,0.0,22.5,0.5,0.0,1.0,0.0,0.0,5.0,1.0,0.0,0.5,0.0,0.5,0.0,0.0,0.0,0.0,2022-05-08,2022-05-07,2022-05-07,2022-05-08,3028.1034,0.5787434410520049,1437.7215,-6.1300000000000034,25.930000000000007,-0.029395,71.55999999999997,-0.5799999999999841,2876.3209,35.15,-0.16056600000000001,0.18999999999999773,0.9800000000000184
2022-05-16,25.0,25.0,0.0,中性,0.0,0.0,0.0,0.0,0.0,0.0,0.0,0.0,0.0,0.0,22.5,0.5,0.0,1.0,2.5,0.5,0.0,0.0,0.0,0.0,0.0,0.5,0.0,0.0,0.0,0.0,2022-05-15,2022-05-13,2022-05-13,2022-05-15,3198.7005,0.6857394325623383,970.1458,-28.92,23.850000000000016,0.10098,75.25000000000004,-2.079999999999991,170.59709999999995,-22.79,0.130375,3.690000000000069,-1.500000000000007
2022-05-23,25.0,25.0,0.0,中性,0.0,0.0,0.0,0.0,0.0,0.0,0.0,0.0,0.0,0.0,22.5,0.5,0.0,1.0,0.0,0.0,2.5,0.5,0.0,0.5,0.0,0.0,0.0,0.0,0.0,0.0,2022-05-22,2022-05-20,2022-05-20,2022-05-22,4094.7287,0.8461531689957121,1931.7656,-24.050000000000004,26.83999999999997,0.07371,77.84,2.98999999999996,896.0282000000002,4.869999999999997,-0.027270000000000003,2.589999999999961,5.0699999999999505
2022-05-30,27.5,27.5,0.0,中性,0.0,0.5,0.0,0.0,17.5,0.5,0.0,0.0,0.0,0.5,0.0,0.0,0.0,1.0,5.0,1.0,2.5,0.5,0.0,1.0,0.0,0.5,0.0,0.0,2.5,0.5,2022-05-29,2022-05-27,2022-05-27,2022-05-29,1730.098,1.0,856.2151,-28.49,31.979999999999983,0.224309,72.71999999999998,5.140000000000011,-2364.6307,-4.439999999999994,0.150599,-5.120000000000019,2.1500000000000514
2022-06-06,47.5,47.5,0.0,中性,0.0,0.0,2.5,0.5,17.5,0.5,0.0,1.0,0.0,0.5,22.5,0.5,0.0,1.0,0.0,0.0,5.0,1.0,0.0,0.5,0.0,1.0,0.0,0.0,0.0,0.0,2022-06-05,2022-06-02,2022-06-02,2022-06-05,2654.3066,0.6508035563801712,780.9907,10.559999999999995,30.09,-0.213637,73.1,-1.88999999999999,924.2085999999999,39.05,-0.437946,0.38000000000000966,-7.030000000000001
2022-06-13,22.5,22.5,0.0,中性,0.0,0.0,0.0,0.0,0.0,0.0,0.0,0.0,0.0,0.5,22.5,0.5,0.0,1.0,0.0,0.0,0.0,0.0,0.0,0.5,0.0,0.0,0.0,0.0,0.0,0.0,2022-06-12,2022-06-10,2022-06-10,2022-06-12,6167.3588,0.8029830850328235,3739.8564,-21.81,32.689999999999976,-0.21304,70.44999999999999,2.59999999999998,3513.0522,-32.36999999999999,0.0005969999999999864,-2.6500000000000057,4.48999999999997
2022-06-20,30.0,30.0,0.0,中性,0.0,0.0,0.0,0.0,0.0,0.0,0.0,0.5,0.0,0.5,22.5,0.5,0.0,1.0,5.0,1.0,2.5,0.5,0.0,0.0,0.0,1.0,0.0,0.0,0.0,0.0,2022-06-19,2022-06-17,2022-06-17,2022-06-19,5178.1587,0.7111528099831148,2506.7059,-14.760000000000003,31.590000000000007,-0.207925,77.61,-1.0999999999999694,-989.2001,7.049999999999995,0.005115000000000008,7.160000000000011,-3.6999999999999496
2022-06-27,27.5,27.5,0.0,中性,0.0,0.0,0.0,0.0,0.0,0.0,0.0,0.5,0.0,0.5,22.5,0.5,0.0,1.0,2.5,0.5,2.5,0.5,0.0,0.0,0.0,0.5,0.0,0.0,0.0,0.0,2022-06-26,2022-06-24,2022-06-24,2022-06-26,5269.4936,0.9133372814556896,3382.8967,-4.900000000000004,30.16000000000001,-0.095863,80.94000000000001,-1.4299999999999962,91.33489999999983,9.86,0.112062,3.3300000000000125,-0.3300000000000267
2022-07-04,67.5,67.5,0.0,中性,0.0,0.5,2.5,0.5,35.0,1.0,0.0,0.0,0.0,0.0,22.5,0.5,0.0,1.0,5.0,1.0,0.0,0.0,0.0,0.5,0.0,0.5,0.0,0.0,2.5,0.5,2022-07-03,2022-07-01,2022-07-01,2022-07-03,1725.2153,0.3424394721468988,270.3895,-25.4,27.170000000000005,0.045346,81.21999999999998,-2.990000000000005,-3544.2783,-20.499999999999993,0.141209,0.2799999999999727,-1.560000000000009
2022-07-11,77.5,77.5,1.0,看多,0.0,1.0,5.0,1.0,35.0,1.0,0.0,1.0,0.0,0.0,22.5,0.5,0.0,1.0,5.0,1.0,5.0,1.0,0.0,0.5,0.0,0.5,0.0,1.0,5.0,1.0,2022-07-10,2022-07-08,2022-07-08,2022-07-10,569.4466,0.1941021763774689,60.0,7.969999999999996,24.900000000000013,0.056633,80.24,-2.2699999999999925,-1155.7687,33.37,0.011287000000000005,-0.9799999999999898,0.7200000000000126
2022-07-18,70.0,70.0,1.0,看多,0.0,1.0,5.0,1.0,35.0,1.0,0.0,0.5,0.0,0.0,22.5,0.5,0.0,1.0,2.5,0.5,0.0,0.0,0.0,0.0,0.0,0.0,0.0,0.5,5.0,1.0,2022-07-17,2022-07-15,2022-07-15,2022-07-17,941.6694,0.2328922507055625,163.5,-17.790000000000003,26.270000000000017,0.140469,85.34000000000002,1.3700000000000043,372.2228,-25.759999999999998,0.08383600000000001,5.100000000000023,3.639999999999997
2022-07-25,67.5,67.5,0.0,中性,0.0,1.0,2.5,0.5,35.0,1.0,0.0,0.0,0.0,0.0,22.5,0.5,0.0,1.0,2.5,0.5,0.0,0.0,0.0,0.5,0.0,1.0,0.0,0.0,5.0,1.0,2022-07-24,2022-07-22,2022-07-22,2022-07-24,767.3440999999999,0.3790581354227277,237.3025,-44.580000000000005,24.39,0.09085,87.59000000000002,-1.8800000000000168,-174.32530000000008,-26.790000000000003,-0.04961900000000001,2.25,-3.2500000000000213
2022-08-01,70.0,70.0,1.0,看多,0.0,0.5,2.5,0.5,35.0,1.0,0.0,0.5,0.0,0.0,22.5,0.5,0.0,1.0,2.5,0.5,5.0,1.0,0.0,0.0,0.0,0.5,0.0,0.25,2.5,0.5,2022-07-31,2022-07-29,2022-07-29,2022-07-31,1251.3116,0.3002250815492344,47.7242,-13.710000000000004,24.960000000000004,0.234332,96.06,0.5700000000000038,483.9675000000001,30.87,0.143482,8.469999999999985,2.4500000000000206
2022-08-08,75.0,75.0,1.0,看多,0.0,1.0,5.0,1.0,35.0,1.0,0.0,0.5,0.0,0.0,22.5,0.5,0.0,1.0,5.0,1.0,2.5,0.5,0.0,0.0,0.0,0.5,0.0,0.5,5.0,1.0,2022-08-07,2022-08-05,2022-08-05,2022-08-07,243.1998,0.0675930554526434,0.0,-10.480000000000002,24.05999999999997,0.108735,105.45,-0.9000000000000341,-1008.1118,3.230000000000002,-0.12559700000000001,9.39,-1.470000000000038
2022-08-15,62.5,62.5,0.0,中性,0.0,0.5,2.5,0.5,35.0,1.0,0.0,1.0,0.0,0.0,22.5,0.5,0.0,1.0,0.0,0.0,2.5,0.5,0.0,1.0,0.0,0.5,0.0,0.5,0.0,0.0,2022-08-14,2022-08-12,2022-08-12,2022-08-14,1205.726,0.6308652142656075,217.5,10.32,25.02,-0.0088839999999999,96.49,0.9600000000000256,962.5262000000001,20.800000000000004,-0.1176189999999999,-8.960000000000008,1.8600000000000598
2022-08-22,42.5,42.5,0.0,中性,0.0,0.5,2.5,0.5,35.0,1.0,0.0,0.0,0.0,0.5,0.0,0.0,0.0,1.0,2.5,0.5,0.0,0.0,0.0,0.5,0.0,0.0,0.0,0.0,2.5,0.5,2022-08-21,2022-08-19,2022-08-19,2022-08-21,1122.823,0.297387477510334,29.2,-49.11,31.26000000000002,0.581824,99.01000000000002,6.240000000000023,-82.90300000000002,-59.43,0.5907079999999999,2.5200000000000244,5.279999999999998
2022-08-29,80.0,80.0,1.0,看多,0.0,1.0,5.0,1.0,17.5,0.5,0.0,0.5,0.0,0.5,45.0,1.0,0.0,1.0,2.5,0.5,5.0,1.0,0.0,1.0,0.0,1.0,0.0,0.5,5.0,1.0,2022-08-28,2022-08-26,2022-08-26,2022-08-28,431.0007,0.2414163059477879,241.4252,-10.46,27.920000000000037,0.114091,93.22,-3.3399999999999856,-691.8223,38.65,-0.467733,-5.7900000000000205,-9.580000000000009
2022-09-05,72.5,72.5,1.0,看多,0.0,1.0,5.0,1.0,35.0,1.0,0.0,0.5,0.0,0.5,22.5,0.5,0.0,1.0,2.5,0.5,2.5,0.5,0.0,0.0,0.0,0.0,0.0,0.5,5.0,1.0,2022-09-04,2022-09-02,2022-09-02,2022-09-04,569.4272,0.1565036672988812,0.0,1.65,28.47000000000004,0.003859,96.23000000000002,0.5500000000000078,138.42649999999998,12.110000000000001,-0.110232,3.0100000000000193,3.8899999999999935
2022-09-12,67.5,67.5,0.0,中性,0.0,0.5,2.5,0.5,35.0,1.0,0.0,0.5,0.0,0.5,22.5,0.5,0.0,1.0,2.5,0.5,2.5,0.5,0.0,0.5,0.0,0.5,0.0,0.25,2.5,0.5,2022-09-11,2022-09-08,2022-09-09,2022-09-11,784.0331,0.2626195509120603,129.56,-8.09,26.69000000000001,0.072868,96.19,-1.7800000000000296,214.60590000000002,-9.74,0.069009,-0.040000000000020464,-2.3300000000000374
2022-09-19,67.5,67.5,0.0,中性,0.0,0.5,5.0,1.0,35.0,1.0,0.0,1.0,0.0,0.5,22.5,0.5,0.0,1.0,2.5,0.5,2.5,0.5,0.0,0.5,0.0,0.5,0.0,0.5,0.0,0.0,2022-09-18,2022-09-16,2022-09-16,2022-09-18,858.0006,0.2513697738781049,25.4,10.69,26.35000000000001,-0.166662,96.15,-0.3400000000000034,73.96749999999997,18.78,-0.23953000000000002,-0.03999999999999204,1.4400000000000261
2022-09-26,67.5,67.5,0.0,中性,0.0,1.0,2.5,0.5,35.0,1.0,0.0,0.5,0.0,0.0,22.5,0.5,0.0,1.0,2.5,0.5,0.0,0.0,0.0,0.5,0.0,0.5,0.0,0.5,5.0,1.0,2022-09-25,2022-09-23,2022-09-23,2022-09-25,454.7417,0.4192165747845777,64.17999999999999,-21.67,24.770000000000003,0.333059,94.54000000000002,-1.5800000000000054,-403.2589,-32.36,0.49972099999999997,-1.6099999999999852,-1.240000000000002
2022-10-17,47.5,47.5,0.0,中性,0.0,0.5,2.5,0.5,17.5,0.5,0.0,0.0,0.0,0.0,22.5,0.5,0.0,1.0,0.0,0.0,2.5,0.5,0.0,0.5,0.0,0.5,0.0,0.0,2.5,0.5,2022-10-16,2022-10-14,2022-10-14,2022-10-16,1842.9968,0.4111082122565869,780.7263,-20.51,23.34999999999998,0.0083099999999999,93.12,0.6899999999999906,1388.2550999999999,1.1600000000000001,-0.32474900000000007,-1.420000000000016,2.269999999999996
2022-10-24,50.0,50.0,0.0,中性,0.0,0.0,0.0,0.0,0.0,0.0,0.0,1.0,0.0,0.0,45.0,1.0,0.0,1.0,0.0,0.0,5.0,1.0,0.0,1.0,0.0,1.0,0.0,0.0,0.0,0.0,2022-10-23,2022-10-21,2022-10-21,2022-10-23,2825.4851,0.6507957427806723,1833.6588,12.410000000000002,20.070000000000032,0.128001,89.85000000000002,-3.279999999999948,982.4883,32.92,0.1196910000000001,-3.269999999999982,-3.9699999999999385
2022-10-31,25.0,25.0,0.0,中性,0.0,0.5,2.5,0.5,17.5,0.5,0.0,0.0,0.0,0.5,0.0,0.0,0.0,1.0,5.0,1.0,0.0,0.0,0.0,0.5,0.0,0.0,0.0,0.0,0.0,0.0,2022-10-30,2022-10-28,2022-10-28,2022-10-30,1405.5355,0.3897082197521762,583.6659,-27.18,25.22000000000002,-0.242476,90.75,5.149999999999988,-1419.9496,-39.59,-0.370477,0.8999999999999773,8.429999999999936
2022-11-07,55.0,55.0,0.0,中性,0.0,0.5,5.0,1.0,17.5,0.5,0.0,0.5,0.0,0.0,22.5,0.5,0.0,1.0,2.5,0.5,5.0,1.0,0.0,1.0,0.0,1.0,0.0,0.25,2.5,0.5,2022-11-06,2022-11-04,2022-11-04,2022-11-06,932.2869,0.2381814981803756,203.58,2.0299999999999976,24.03999999999997,0.225323,85.77,-1.1800000000000497,-473.2486,29.209999999999997,0.46779899999999996,-4.980000000000004,-6.330000000000037
2022-11-14,47.5,47.5,0.0,中性,0.0,1.0,2.5,0.5,17.5,0.5,0.0,0.5,0.0,0.0,22.5,0.5,0.0,0.0,2.5,0.5,2.5,0.5,0.0,1.0,0.0,0.5,0.0,0.5,0.0,0.0,2022-11-13,2022-11-11,2022-11-11,2022-11-13,514.0513,0.2536957286591254,223.1386,-3.950000000000003,21.890000000000008,-0.115197,65.43,-2.149999999999963,-418.2356,-5.98,-0.34052,-20.33999999999999,-0.9699999999999134
2022-11-21,92.5,92.5,1.0,看多,0.0,1.0,5.0,1.0,35.0,1.0,0.0,1.0,0.0,0.0,45.0,1.0,0.0,0.0,2.5,0.5,5.0,1.0,0.0,1.0,0.0,0.5,0.0,1.0,0.0,0.0,2022-11-20,2022-11-18,2022-11-18,2022-11-20,185.3755,0.0880026850537782,20.03,21.81,18.52999999999998,-2.38453,49.03,-3.360000000000028,-328.6758,25.76,-2.2693329999999996,-16.400000000000006,-1.2100000000000648
2022-11-28,85.0,85.0,1.0,看多,0.0,1.0,2.5,0.5,35.0,1.0,0.0,0.5,0.0,0.0,45.0,1.0,0.0,0.0,2.5,0.5,0.0,0.0,0.0,0.0,0.0,0.5,0.0,0.5,0.0,0.0,2022-11-27,2022-11-25,2022-11-25,2022-11-27,485.9951,0.2686695873077437,25.44,-1.6400000000000023,14.529999999999976,-0.0365859999999999,54.19999999999998,-4.000000000000004,300.6196,-23.450000000000003,2.347944,5.16999999999998,-0.6399999999999766
2022-12-05,67.5,67.5,0.0,中性,0.0,1.0,5.0,1.0,35.0,1.0,0.0,0.5,0.0,0.0,22.5,0.5,0.0,0.0,2.5,0.5,2.5,0.5,0.0,0.5,0.0,0.0,0.0,0.5,0.0,0.0,2022-12-04,2022-12-02,2022-12-02,2022-12-04,375.6,0.1484878434473216,0.0,-16.090000000000003,14.860000000000008,-0.201976,51.62,0.3300000000000302,-110.39509999999996,-14.450000000000001,-0.1653900000000001,-2.579999999999984,4.330000000000035
2022-12-12,67.5,67.5,0.0,中性,0.0,1.0,5.0,1.0,35.0,1.0,0.0,0.0,0.0,0.0,22.5,0.5,0.0,0.0,2.5,0.5,2.5,0.5,0.0,1.0,0.0,0.5,0.0,0.0,0.0,0.0,2022-12-11,2022-12-09,2022-12-09,2022-12-11,168.1235,0.0168561363425702,0.0,-25.230000000000004,14.579999999999991,-0.932368,41.10999999999998,-0.2800000000000135,-207.47650000000002,-9.14,-0.7303919999999999,-10.51000000000002,-0.6100000000000437
2022-12-19,70.0,70.0,1.0,看多,0.0,1.0,5.0,1.0,35.0,1.0,0.0,1.0,0.0,0.0,22.5,0.5,0.0,0.0,2.5,0.5,5.0,1.0,0.0,1.0,0.0,0.0,0.0,1.0,0.0,0.0,2022-12-18,2022-12-16,2022-12-16,2022-12-18,126.0351,0.0566186490051302,0.0,11.099999999999994,17.43999999999999,-0.232911,33.999999999999986,2.8599999999999977,-42.08840000000001,36.33,0.699457,-7.109999999999992,3.1400000000000112
2022-12-26,45.0,45.0,0.0,中性,0.0,1.0,0.0,0.0,35.0,1.0,0.0,1.0,0.0,0.5,0.0,0.0,0.0,0.0,2.5,0.5,2.5,0.5,0.0,0.0,0.0,0.0,0.0,1.0,5.0,1.0,2022-12-25,2022-12-23,2022-12-23,2022-12-25,7.23,1.0,2.47,15.979999999999997,23.99,0.0090379999999999,46.99999999999997,6.550000000000011,-118.8051,4.880000000000003,0.24194899999999991,12.999999999999986,3.6900000000000137
2023-01-02,47.5,47.5,0.0,中性,0.0,1.0,0.0,0.0,17.5,0.5,0.0,0.5,0.0,0.0,22.5,0.5,0.0,0.5,2.5,0.5,0.0,0.0,0.0,0.0,0.0,1.0,0.0,0.5,5.0,1.0,2023-01-01,2022-12-30,2022-12-31,2023-01-01,212.6,1.0,85.0,-8.830000000000005,22.909999999999982,0.148324,64.44000000000001,-1.080000000000016,205.37,-24.810000000000002,0.1392860000000001,17.44000000000004,-7.630000000000027
2023-01-09,70.0,70.0,1.0,看多,0.0,0.5,5.0,1.0,17.5,0.5,0.0,0.5,0.0,0.0,45.0,1.0,0.0,0.0,0.0,0.0,2.5,0.5,0.0,1.0,0.0,1.0,0.0,0.25,0.0,0.0,2023-01-08,2023-01-06,2023-01-06,2023-01-08,989.45,0.1799179917991799,633.33,-13.210000000000004,16.719999999999978,-0.096194,50.99999999999998,-6.190000000000008,776.85,-4.379999999999999,-0.244518,-13.440000000000033,-5.109999999999992
2023-01-16,47.5,47.5,0.0,中性,0.0,0.0,0.0,0.0,0.0,0.0,0.0,0.0,0.0,0.0,45.0,1.0,0.0,0.0,0.0,0.0,2.5,0.5,0.0,1.0,0.0,0.0,0.0,0.0,0.0,0.0,2023-01-15,2023-01-13,2023-01-13,2023-01-15,2987.5775,0.6087682772202783,1743.5877,-20.460000000000008,13.560000000000016,-0.030598,47.65999999999999,-3.159999999999961,1998.1274999999998,-7.2500000000000036,0.065596,-3.339999999999989,3.0300000000000473
2023-02-06,50.0,50.0,0.0,中性,0.0,0.5,2.5,0.5,17.5,0.5,0.0,0.0,0.0,0.0,22.5,0.5,0.0,0.0,5.0,1.0,2.5,0.5,0.0,0.5,0.0,0.0,0.0,0.0,0.0,0.0,2023-02-05,2023-02-03,2023-02-03,2023-02-05,1441.28,0.4287890327494288,767.6400000000001,-30.390000000000008,15.660000000000007,-0.146888,46.59,2.110000000000012,-1546.2975,-9.93,-0.11628999999999999,-1.069999999999986,5.269999999999973
2023-02-13,52.5,52.5,0.0,中性,0.0,0.5,2.5,0.5,17.5,0.5,0.0,0.5,0.0,0.0,22.5,0.5,0.0,0.0,5.0,1.0,5.0,1.0,0.0,0.5,0.0,0.5,0.0,0.25,0.0,0.0,2023-02-12,2023-02-10,2023-02-10,2023-02-12,921.6907,0.3154648436947826,499.7638,-7.5300000000000065,15.470000000000006,-0.06749,43.99999999999999,-0.1900000000000012,-519.5893,22.86,0.079398,-2.5900000000000105,-2.300000000000013
2023-02-20,27.5,27.5,0.0,中性,0.0,0.0,2.5,0.5,0.0,0.0,0.0,0.0,0.0,0.0,22.5,0.5,0.0,0.0,0.0,0.0,2.5,0.5,0.0,1.0,0.0,0.5,0.0,0.0,0.0,0.0,2023-02-19,2023-02-17,2023-02-17,2023-02-19,2175.219,0.5076097627682505,1257.4664,-21.320000000000007,16.300000000000026,-0.079197,40.00000000000004,0.8300000000000196,1253.5283,-13.790000000000001,-0.011707000000000009,-3.9999999999999503,1.020000000000021
2023-02-27,50.0,50.0,0.0,中性,0.0,0.5,0.0,0.0,17.5,0.5,0.0,0.5,0.0,0.0,22.5,0.5,0.0,0.0,5.0,1.0,2.5,0.5,0.0,1.0,0.0,0.5,0.0,0.25,2.5,0.5,2023-02-26,2023-02-24,2023-02-24,2023-02-26,1131.1436,0.6177252291955694,484.8117,-8.560000000000004,14.52,0.340616,33.779999999999966,-1.780000000000026,-1044.0754,12.760000000000003,0.419813,-6.220000000000077,-2.6100000000000456
2023-03-06,30.0,30.0,0.0,中性,0.0,0.5,2.5,0.5,0.0,0.0,0.0,0.5,0.0,0.0,22.5,0.5,0.0,0.0,0.0,0.0,2.5,0.5,0.0,0.5,0.0,0.5,0.0,0.25,2.5,0.5,2023-03-05,2023-03-03,2023-03-03,2023-03-05,1529.8643,0.4434563701534579,874.8680999999999,-10.310000000000006,15.090000000000003,0.107397,31.349999999999987,0.5700000000000038,398.72069999999985,-1.7500000000000018,-0.23321899999999995,-2.4299999999999784,2.35000000000003
2023-03-13,30.0,30.0,0.0,中性,0.0,0.5,2.5,0.5,17.5,0.5,0.0,0.5,0.0,0.5,0.0,0.0,0.0,0.0,5.0,1.0,2.5,0.5,0.0,0.5,0.0,0.5,0.0,0.25,2.5,0.5,2023-03-12,2023-03-10,2023-03-10,2023-03-12,1095.499,0.3365072451258624,177.54,-9.640000000000006,18.36000000000002,0.070988,33.13000000000002,3.2700000000000173,-434.36529999999993,0.6699999999999999,-0.03640900000000001,1.7800000000000296,2.7000000000000135
2023-03-20,27.5,27.5,0.0,中性,0.0,0.0,2.5,0.5,0.0,0.0,0.0,0.5,0.0,0.0,22.5,0.5,0.0,0.0,0.0,0.0,2.5,0.5,0.0,0.5,0.0,1.0,0.0,0.0,0.0,0.0,2023-03-19,2023-03-17,2023-03-17,2023-03-19,3380.3726,0.5075350589244811,1655.0824,-10.310000000000002,16.500000000000004,-0.007327,35.02000000000001,-1.8600000000000168,2284.8736,-0.6699999999999964,-0.078315,1.8899999999999935,-5.1300000000000345
2023-03-27,30.0,30.0,0.0,中性,0.0,0.0,0.0,0.0,0.0,0.0,0.0,0.5,0.0,0.0,22.5,0.5,0.0,0.0,5.0,1.0,2.5,0.5,0.0,0.5,0.0,0.5,0.0,0.0,0.0,0.0,2023-03-26,2023-03-24,2023-03-24,2023-03-26,2485.5167,1.0,1269.954,-13.300000000000002,14.670000000000003,-0.020826,35.429999999999986,-1.8299999999999983,-894.8559,-2.99,-0.013499,0.4099999999999753,0.030000000000018456
2023-04-03,47.5,47.5,0.0,中性,0.0,0.5,0.0,0.0,17.5,0.5,0.0,0.0,0.0,0.0,22.5,0.5,0.0,0.0,5.0,1.0,2.5,0.5,0.0,0.0,0.0,0.5,0.0,0.0,0.0,0.0,2023-04-02,2023-03-31,2023-03-31,2023-04-02,877.6913,0.6869353340670004,185.06,-24.72000000000001,15.520000000000024,-0.54582,41.29999999999998,0.8500000000000174,-1607.8254000000002,-11.420000000000007,-0.524994,5.869999999999997,2.6800000000000157
2023-04-10,27.5,27.5,0.0,中性,0.0,0.0,2.5,0.5,0.0,0.0,0.0,0.0,0.0,0.0,22.5,0.5,0.0,0.0,0.0,0.0,2.5,0.5,0.0,1.0,0.0,0.5,0.0,0.0,0.0,0.0,2023-04-09,2023-04-07,2023-04-07,2023-04-09,2419.8437,0.4381914331047523,865.7339999999999,-26.930000000000003,15.410000000000013,0.18982,36.55000000000004,-0.11000000000001,1542.1524,-2.2099999999999937,0.73564,-4.749999999999943,-0.9600000000000274
2023-04-17,52.5,52.5,0.0,中性,0.0,0.5,2.5,0.5,17.5,0.5,0.0,0.0,0.0,0.0,22.5,0.5,0.0,0.0,5.0,1.0,2.5,0.5,0.0,0.5,0.0,0.5,0.0,0.0,2.5,0.5,2023-04-16,2023-04-14,2023-04-14,2023-04-16,1079.8653,0.312672249971646,265.947,-34.620000000000005,15.189999999999992,0.316936,36.49999999999998,-0.2200000000000201,-1339.9784,-7.690000000000001,0.127116,-0.05000000000006111,-0.11000000000001009
2023-04-24,27.5,27.5,0.0,中性,0.0,0.0,2.5,0.5,0.0,0.0,0.0,0.0,0.0,0.0,22.5,0.5,0.0,0.0,0.0,0.0,2.5,0.5,0.0,0.5,0.0,0.5,0.0,0.0,0.0,0.0,2023-04-23,2023-04-23,2023-04-23,2023-04-23,2351.0888,0.5887600215641804,1050.1891,-25.510000000000005,15.300000000000002,-0.2334309999999999,34.50000000000002,0.11000000000001,1271.2235,9.11,-0.5503669999999998,-1.9999999999999574,0.3300000000000301
2023-05-01,72.5,72.5,1.0,看多,0.0,1.0,5.0,1.0,35.0,1.0,0.0,0.0,0.0,0.5,22.5,0.5,0.0,0.0,5.0,1.0,0.0,0.0,0.0,0.5,0.0,0.5,0.0,0.0,5.0,1.0,2023-04-30,2023-04-28,2023-04-28,2023-04-30,0.0,0.0,0.0,-41.35,16.130000000000024,0.133484,35.51000000000002,0.8300000000000214,-2351.0888,-15.839999999999996,0.3669149999999999,1.009999999999998,0.7200000000000114
2023-05-08,55.0,55.0,0.0,中性,0.0,1.0,5.0,1.0,17.5,0.5,0.0,0.5,0.0,0.5,22.5,0.5,0.0,0.0,0.0,0.0,5.0,1.0,0.0,0.0,0.0,0.5,0.0,0.5,5.0,1.0,2023-05-07,2023-05-06,2023-05-06,2023-05-07,697.2973999999999,0.2171794202717453,358.841,-16.130000000000003,16.900000000000006,0.099703,39.01000000000003,0.7699999999999818,697.2973999999999,25.22,-0.03378099999999999,3.500000000000014,-0.06000000000003958
2023-05-15,45.0,45.0,0.0,中性,0.0,0.0,2.5,0.5,17.5,0.5,0.0,0.5,0.0,0.5,22.5,0.5,0.0,0.0,0.0,0.0,2.5,0.5,0.0,0.0,0.0,0.5,0.0,0.0,0.0,0.0,2023-05-14,2023-05-12,2023-05-12,2023-05-14,2824.0024,0.5449109681068358,776.7583,-14.460000000000004,19.410000000000014,0.144903,46.99,2.510000000000012,2126.705,1.6699999999999982,0.045200000000000004,7.9799999999999685,1.7400000000000304
2023-05-22,25.0,25.0,0.0,中性,0.0,0.0,0.0,0.0,0.0,0.0,0.0,0.0,0.0,0.5,22.5,0.5,0.0,0.0,2.5,0.5,0.0,0.0,0.0,0.5,0.0,1.0,0.0,0.0,0.0,0.0,2023-05-21,2023-05-19,2023-05-19,2023-05-21,3157.3552,0.6527567590454424,1011.3834,-35.190000000000005,18.77,0.183548,44.28000000000001,-0.6400000000000219,333.3528000000001,-20.73,0.038644999999999985,-2.7099999999999937,-3.150000000000034
2023-05-29,52.5,52.5,0.0,中性,0.0,0.5,2.5,0.5,17.5,0.5,0.0,0.5,0.0,0.5,22.5,0.5,0.0,0.5,5.0,1.0,2.5,0.5,0.0,0.0,0.0,0.5,0.0,0.25,2.5,0.5,2023-05-28,2023-05-26,2023-05-26,2023-05-28,874.8899,0.542368965300694,259.708,-18.92,17.520000000000024,0.235097,47.57000000000002,-1.2499999999999716,-2282.4653,16.270000000000003,0.05154900000000001,3.2900000000000134,-0.6099999999999497
2023-06-05,27.5,27.5,0.0,中性,0.0,0.0,2.5,0.5,0.0,0.0,0.0,0.5,0.0,0.5,22.5,0.5,0.0,0.5,0.0,0.0,2.5,0.5,0.0,0.0,0.0,0.0,0.0,0.0,0.0,0.0,2023-06-04,2023-06-02,2023-06-02,2023-06-04,1734.5227,0.3371525573682983,847.7273,-9.760000000000003,19.700000000000006,0.048784,52.46,2.179999999999982,859.6328,9.159999999999998,-0.186313,4.889999999999979,3.4299999999999535
2023-06-12,50.0,50.0,0.0,中性,0.0,0.5,2.5,0.5,17.5,0.5,0.0,0.5,0.0,0.5,22.5,0.5,0.0,0.5,2.5,0.5,2.5,0.5,0.0,0.0,0.0,0.5,0.0,0.25,2.5,0.5,2023-06-11,2023-06-09,2023-06-09,2023-06-11,1618.5648,0.3941792107321167,412.0935,-13.310000000000006,20.969999999999978,0.159476,56.67,1.2699999999999712,-115.95789999999988,-3.5500000000000025,0.11069200000000001,4.210000000000001,-0.9100000000000108
2023-06-19,42.5,42.5,0.0,中性,0.0,0.0,0.0,0.0,17.5,0.5,0.0,0.0,0.0,0.5,22.5,0.5,0.0,0.5,0.0,0.0,2.5,0.5,0.0,1.0,0.0,0.5,0.0,0.0,0.0,0.0,2023-06-18,2023-06-16,2023-06-16,2023-06-18,1991.1465,0.5395846750257748,482.1699,-25.070000000000004,19.69000000000003,-0.0562779999999999,52.45000000000002,-1.2799999999999478,372.58169999999996,-11.759999999999998,-0.2157539999999999,-4.219999999999985,-2.549999999999919
2023-06-26,27.5,27.5,0.0,中性,0.0,0.0,0.0,0.0,0.0,0.0,0.0,1.0,0.0,0.5,22.5,0.5,0.0,0.5,0.0,0.0,5.0,1.0,0.0,0.5,0.0,0.5,0.0,0.0,0.0,0.0,2023-06-25,2023-06-25,2023-06-25,2023-06-25,2958.0473,1.0,1493.4986,4.219999999999997,20.710000000000008,-0.151493,50.970000000000006,1.0199999999999785,966.9008000000001,29.29,-0.09521500000000009,-1.480000000000011,2.299999999999926
2023-07-03,65.0,65.0,0.0,中性,0.0,0.5,2.5,0.5,35.0,1.0,0.0,0.0,0.0,0.5,22.5,0.5,0.0,0.5,5.0,1.0,0.0,0.0,0.0,0.0,0.0,0.5,0.0,0.0,0.0,0.0,2023-07-02,2023-06-30,2023-06-30,2023-07-02,1111.9368,0.3202825744163555,75.0621,-34.230000000000004,23.13000000000001,-0.0781179999999999,56.13999999999999,2.419999999999998,-1846.1105000000002,-38.45,0.07337500000000009,5.1699999999999875,1.4000000000000197
2023-07-10,72.5,72.5,1.0,看多,0.0,0.5,5.0,1.0,35.0,1.0,0.0,1.0,0.0,0.5,22.5,0.5,0.0,0.5,2.5,0.5,5.0,1.0,0.0,0.0,0.0,0.5,0.0,0.5,2.5,0.5,2023-07-09,2023-07-07,2023-07-07,2023-07-09,792.2485,0.1585317433478174,53.5892,21.46,22.970000000000024,0.362172,60.00000000000001,-0.1599999999999823,-319.6882999999999,55.690000000000005,0.4402899999999999,3.8600000000000136,-2.5799999999999805
2023-07-17,22.5,22.5,0.0,中性,0.0,0.0,0.0,0.0,0.0,0.0,0.0,0.5,0.0,0.5,22.5,0.5,0.0,0.5,0.0,0.0,0.0,0.0,0.0,1.0,0.0,0.5,0.0,0.0,0.0,0.0,2023-07-16,2023-07-14,2023-07-14,2023-07-16,1915.0524,0.7829155254400928,755.9309000000001,-6.520000000000005,21.229999999999997,0.327554,54.67,-1.7400000000000304,1122.8038999999999,-27.980000000000004,-0.03461799999999998,-5.330000000000005,-1.580000000000048
2023-07-24,45.0,45.0,0.0,中性,0.0,0.0,2.5,0.5,17.5,0.5,0.0,0.5,0.0,0.5,22.5,0.5,0.0,0.5,2.5,0.5,0.0,0.0,0.0,0.5,0.0,0.0,0.0,0.0,0.0,0.0,2023-07-23,2023-07-21,2023-07-21,2023-07-23,2217.1933,0.4993686139120975,474.0182,-21.24,23.99,0.164997,56.78000000000001,2.7600000000000087,302.1408999999999,-14.719999999999994,-0.162557,2.1100000000000065,4.500000000000039
2023-07-31,50.0,50.0,0.0,中性,0.0,0.0,0.0,0.0,0.0,0.0,0.0,1.0,0.0,0.5,45.0,1.0,0.0,0.5,0.0,0.0,5.0,1.0,0.0,0.5,0.0,1.0,0.0,0.0,0.0,0.0,2023-07-30,2023-07-28,2023-07-28,2023-07-30,2651.6263,0.736230269087051,956.0971,10.509999999999994,18.91999999999996,-0.452845,54.25,-5.070000000000043,434.433,31.749999999999993,-0.617842,-2.5300000000000082,-7.830000000000052
2023-08-07,52.5,52.5,0.0,中性,0.0,0.5,2.5,0.5,17.5,0.5,0.0,1.0,0.0,0.5,22.5,0.5,0.0,1.0,5.0,1.0,2.5,0.5,0.0,0.5,0.0,0.0,0.0,0.5,2.5,0.5,2023-08-06,2023-08-04,2023-08-04,2023-08-06,1522.8721,0.3212016075096705,629.53,11.889999999999995,18.67000000000001,0.063573,56.86,-0.2499999999999502,-1128.7541999999999,1.3800000000000008,0.516418,2.6099999999999994,4.820000000000093
2023-08-14,45.0,45.0,0.0,中性,0.0,0.0,2.5,0.5,17.5,0.5,0.0,0.5,0.0,0.5,22.5,0.5,0.0,1.0,2.5,0.5,0.0,0.0,0.0,0.5,0.0,0.5,0.0,0.0,0.0,0.0,2023-08-13,2023-08-11,2023-08-11,2023-08-13,1918.8838,0.4654565905973821,427.9608,-6.020000000000005,20.730000000000004,0.052848,57.54000000000001,2.059999999999995,396.0117,-17.91,-0.010725000000000005,0.6800000000000139,2.3099999999999454
2023-08-21,25.0,25.0,0.0,中性,0.0,0.0,0.0,0.0,0.0,0.0,0.0,0.5,0.0,0.5,22.5,0.5,0.0,0.5,0.0,0.0,2.5,0.5,0.0,0.5,0.0,0.5,0.0,0.0,0.0,0.0,2023-08-20,2023-08-18,2023-08-18,2023-08-20,4500.5188,0.6120890683321114,1439.2387,-10.350000000000003,20.720000000000027,0.1771589999999999,55.86000000000002,-0.0099999999999766,2581.6349999999998,-4.329999999999998,0.1243109999999999,-1.6799999999999926,-2.069999999999972
2023-08-28,27.5,27.5,0.0,中性,0.0,0.0,0.0,0.0,0.0,0.0,0.0,0.0,0.0,0.5,22.5,0.5,0.0,0.5,5.0,1.0,0.0,0.0,0.0,1.0,0.0,0.5,0.0,0.0,0.0,0.0,2023-08-27,2023-08-25,2023-08-25,2023-08-27,2650.4207,0.7359375426481,1440.4998,-44.82000000000001,18.76000000000002,0.332001,50.280000000000015,-1.960000000000008,-1850.0980999999997,-34.470000000000006,0.1548420000000001,-5.580000000000005,-1.9500000000000313
2023-09-04,37.5,37.5,0.0,中性,0.0,0.5,2.5,0.5,0.0,0.0,0.0,1.0,0.0,0.5,22.5,0.5,0.0,0.5,5.0,1.0,5.0,1.0,0.0,0.5,0.0,0.0,0.0,0.5,2.5,0.5,2023-09-03,2023-09-01,2023-09-01,2023-09-03,1514.1124,0.3888209287436079,803.1129999999999,13.579999999999997,19.83999999999999,0.0488419999999999,49.33999999999998,1.07999999999997,-1136.3083000000001,58.400000000000006,-0.2831590000000001,-0.9400000000000333,3.039999999999978
2023-09-11,45.0,45.0,0.0,中性,0.0,0.0,2.5,0.5,17.5,0.5,0.0,1.0,0.0,0.5,22.5,0.5,0.0,0.0,0.0,0.0,2.5,0.5,0.0,1.0,0.0,0.5,0.0,0.0,0.0,0.0,2023-09-10,2023-09-08,2023-09-08,2023-09-10,2467.5184,0.4934130498909959,464.152,29.03,20.73999999999998,-0.846372,41.990000000000016,0.8999999999999915,953.406,15.450000000000005,-0.895214,-7.349999999999966,-0.17999999999997862
2023-09-18,52.5,52.5,0.0,中性,0.0,0.5,5.0,1.0,17.5,0.5,0.0,1.0,0.0,0.5,22.5,0.5,0.0,0.0,5.0,1.0,2.5,0.5,0.0,0.5,0.0,0.5,0.0,0.5,0.0,0.0,2023-09-17,2023-09-15,2023-09-15,2023-09-17,1690.4386,0.2210116974280886,536.0984,22.639999999999997,21.19,-0.053635,41.19000000000001,0.450000000000017,-777.0798,-6.390000000000004,0.792737,-0.8000000000000043,-0.4499999999999745
2023-09-25,30.0,30.0,0.0,中性,0.0,0.5,0.0,0.0,0.0,0.0,0.0,1.0,0.0,0.5,22.5,0.5,0.0,0.0,2.5,0.5,2.5,0.5,0.0,0.5,0.0,0.5,0.0,0.5,2.5,0.5,2023-09-24,2023-09-22,2023-09-22,2023-09-24,2028.9971,1.0,1120.727,17.049999999999997,19.499999999999982,0.19734,43.25999999999999,-1.690000000000012,338.5585000000001,-5.59,0.250975,2.069999999999979,-2.140000000000029
2023-10-16,17.5,17.5,0.0,中性,0.0,0.0,0.0,0.0,17.5,0.5,0.0,0.5,0.0,1.0,0.0,0.0,0.0,0.0,0.0,0.0,0.0,0.0,0.0,0.5,0.0,0.0,0.0,0.0,0.0,0.0,2023-10-15,2023-10-13,2023-10-13,2023-10-15,6421.4154,0.6043164431743923,376.1715,-3.660000000000004,23.47999999999999,-0.146731,41.49999999999996,3.6399999999999535,4392.418299999999,-20.71,-0.344071,-1.7600000000000335,5.329999999999965
2023-10-23,32.5,32.5,0.0,中性,0.0,0.0,2.5,0.5,0.0,0.0,0.0,0.5,0.0,1.0,22.5,0.5,0.0,0.0,5.0,1.0,2.5,0.5,0.0,0.5,0.0,0.5,0.0,0.0,0.0,0.0,2023-10-22,2023-10-20,2023-10-20,2023-10-22,3561.6468,0.462116614716425,923.9916,1.519999999999996,25.87000000000001,-0.190403,41.39000000000004,2.390000000000025,-2859.7686,5.18,-0.04367199999999999,-0.10999999999991417,-1.2499999999999285
2023-10-30,50.0,50.0,0.0,中性,0.0,0.5,0.0,0.0,17.5,0.5,0.0,1.0,0.0,1.0,22.5,0.5,0.0,0.0,5.0,1.0,5.0,1.0,0.0,0.5,0.0,0.5,0.0,0.5,0.0,0.0,2023-10-29,2023-10-27,2023-10-27,2023-10-29,2161.8251,0.7298962724031206,402.8512,16.589999999999996,25.44,-0.103995,38.76999999999997,-0.4300000000000175,-1399.8217,15.07,0.08640799999999998,-2.6200000000000756,-2.8200000000000425
2023-11-06,45.0,45.0,0.0,中性,0.0,0.5,5.0,1.0,35.0,1.0,0.0,0.5,0.0,1.0,0.0,0.0,0.0,0.0,5.0,1.0,0.0,0.0,0.0,0.5,0.0,0.0,0.0,0.25,0.0,0.0,2023-11-05,2023-11-03,2023-11-03,2023-11-05,1131.2383,0.2581534488185555,208.94,-16.400000000000002,28.50999999999999,-0.025885,38.64000000000001,3.069999999999993,-1030.5868,-32.989999999999995,0.07811000000000001,-0.12999999999995993,3.5000000000000107
2023-11-13,65.0,65.0,0.0,中性,0.0,0.5,5.0,1.0,35.0,1.0,0.0,0.0,0.0,1.0,22.5,0.5,0.0,0.0,0.0,0.0,0.0,0.0,0.0,0.5,0.0,0.5,0.0,0.0,2.5,0.5,2023-11-12,2023-11-10,2023-11-10,2023-11-12,1653.0019,0.297596783610786,123.6962,-87.08,30.24999999999998,0.272113,37.18999999999997,1.7399999999999878,521.7636,-70.67999999999999,0.297998,-1.4500000000000384,-1.3300000000000054
2023-11-20,52.5,52.5,0.0,中性,0.0,0.5,2.5,0.5,17.5,0.5,0.0,0.5,0.0,1.0,22.5,0.5,0.0,0.0,2.5,0.5,5.0,1.0,0.0,0.5,0.0,1.0,0.0,0.25,2.5,0.5,2023-11-19,2023-11-17,2023-11-17,2023-11-19,2017.8782,0.3217855833972345,591.5242,-10.02,28.200000000000003,0.196007,37.19000000000001,-2.049999999999976,364.8763000000001,77.06,-0.07610600000000001,4.263256414560601e-14,-3.7899999999999636
2023-11-27,97.5,97.5,1.0,看多,0.0,1.0,2.5,0.5,35.0,1.0,0.0,1.0,0.0,1.0,45.0,1.0,0.0,0.0,5.0,1.0,5.0,1.0,0.0,1.0,0.0,1.0,0.0,1.0,5.0,1.0,2023-11-26,2023-11-24,2023-11-24,2023-11-26,698.3842,0.4060174496108969,164.7865,16.27,22.910000000000032,0.282282,31.69,-5.289999999999971,-1319.4940000000001,26.29,0.08627499999999999,-5.500000000000011,-3.239999999999995
2023-12-04,37.5,37.5,0.0,中性,0.0,0.5,2.5,0.5,35.0,1.0,0.0,0.5,0.0,1.0,0.0,0.0,0.0,0.0,0.0,0.0,0.0,0.0,0.0,0.5,0.0,0.0,0.0,0.25,0.0,0.0,2023-12-03,2023-12-01,2023-12-01,2023-12-03,1286.4211,0.3875905157698455,283.1,-12.41,26.529999999999987,-0.081773,29.78000000000001,3.619999999999955,588.0369000000001,-28.68,-0.36405499999999996,-1.909999999999993,8.909999999999926
2023-12-11,77.5,77.5,1.0,看多,0.0,1.0,5.0,1.0,35.0,1.0,0.0,1.0,0.0,1.0,22.5,0.5,0.0,0.0,5.0,1.0,5.0,1.0,0.0,1.0,0.0,1.0,0.0,1.0,5.0,1.0,2023-12-10,2023-12-08,2023-12-08,2023-12-10,311.9249,0.0890520691476512,52.80159999999999,4.250000000000001,25.33999999999996,0.208074,25.699999999999967,-1.190000000000026,-974.4962,16.66,0.289847,-4.080000000000041,-4.809999999999981
2023-12-18,70.0,70.0,1.0,看多,0.0,1.0,5.0,1.0,35.0,1.0,0.0,0.0,0.0,1.0,22.5,0.5,0.0,0.0,2.5,0.5,0.0,0.0,0.0,0.5,0.0,0.5,0.0,0.0,5.0,1.0,2023-12-17,2023-12-15,2023-12-15,2023-12-17,287.5753,0.0602797889011645,23.0509,-98.49,25.51000000000001,0.199084,27.780000000000005,0.1700000000000514,-24.349599999999953,-102.74,-0.008989999999999998,2.0800000000000374,1.3600000000000774
2024-01-08,70.0,70.0,1.0,看多,0.0,1.0,5.0,1.0,35.0,1.0,0.0,0.0,0.0,1.0,22.5,0.5,0.0,0.0,2.5,0.5,5.0,1.0,0.0,0.0,0.0,0.5,0.0,0.0,0.0,0.0,2024-01-07,2024-01-05,2024-01-05,2024-01-07,0.0,0.0,0.0,-66.49,23.599999999999977,-0.142667,31.84999999999998,-1.910000000000036,-287.5753,32.0,-0.341751,4.069999999999975,-2.080000000000087
2024-01-15,,92.5,1.0,看多,,,,,,,,,,,,,,,,,,,,,,,,,,,,,,,,,,,,,,,,,,,
2024-01-22,,65.0,0.0,中性,,,,,,,,,,,,,,,,,,,,,,,,,,,,,,,,,,,,,,,,,,,
2024-01-29,,65.0,0.0,中性,,,,,,,,,,,,,,,,,,,,,,,,,,,,,,,,,,,,,,,,,,,
2024-02-05,,32.5,0.0,中性,,,,,,,,,,,,,,,,,,,,,,,,,,,,,,,,,,,,,,,,,,,
2024-02-26,,32.5,0.0,中性,,,,,,,,,,,,,,,,,,,,,,,,,,,,,,,,,,,,,,,,,,,
2024-03-04,,72.5,1.0,看多,,,,,,,,,,,,,,,,,,,,,,,,,,,,,,,,,,,,,,,,,,,
2024-03-11,,50.0,0.0,中性,,,,,,,,,,,,,,,,,,,,,,,,,,,,,,,,,,,,,,,,,,,
2024-03-18,,70.0,1.0,看多,,,,,,,,,,,,,,,,,,,,,,,,,,,,,,,,,,,,,,,,,,,
2024-03-25,,22.5,0.0,中性,,,,,,,,,,,,,,,,,,,,,,,,,,,,,,,,,,,,,,,,,,,
2024-04-01,,72.5,1.0,看多,,,,,,,,,,,,,,,,,,,,,,,,,,,,,,,,,,,,,,,,,,,
2024-04-08,,70.0,1.0,看多,,,,,,,,,,,,,,,,,,,,,,,,,,,,,,,,,,,,,,,,,,,
2024-04-15,,52.5,0.0,中性,,,,,,,,,,,,,,,,,,,,,,,,,,,,,,,,,,,,,,,,,,,
2024-04-22,,70.0,1.0,看多,,,,,,,,,,,,,,,,,,,,,,,,,,,,,,,,,,,,,,,,,,,
2024-04-29,,77.5,1.0,看多,,,,,,,,,,,,,,,,,,,,,,,,,,,,,,,,,,,,,,,,,,,
2024-05-06,,7.5,0.0,看空,,,,,,,,,,,,,,,,,,,,,,,,,,,,,,,,,,,,,,,,,,,
2024-05-13,,77.5,1.0,看多,,,,,,,,,,,,,,,,,,,,,,,,,,,,,,,,,,,,,,,,,,,
2024-05-20,,30.0,0.0,中性,,,,,,,,,,,,,,,,,,,,,,,,,,,,,,,,,,,,,,,,,,,
2024-05-27,,27.5,0.0,中性,,,,,,,,,,,,,,,,,,,,,,,,,,,,,,,,,,,,,,,,,,,
2024-06-03,,65.0,0.0,中性,,,,,,,,,,,,,,,,,,,,,,,,,,,,,,,,,,,,,,,,,,,
2024-06-10,,100.0,1.0,看多,,,,,,,,,,,,,,,,,,,,,,,,,,,,,,,,,,,,,,,,,,,
2024-06-17,,27.5,0.0,中性,,,,,,,,,,,,,,,,,,,,,,,,,,,,,,,,,,,,,,,,,,,
2024-06-24,,27.5,0.0,中性,,,,,,,,,,,,,,,,,,,,,,,,,,,,,,,,,,,,,,,,,,,
2024-07-01,,52.5,0.0,中性,,,,,,,,,,,,,,,,,,,,,,,,,,,,,,,,,,,,,,,,,,,
2024-07-08,,75.0,1.0,看多,,,,,,,,,,,,,,,,,,,,,,,,,,,,,,,,,,,,,,,,,,,
2024-07-15,,45.0,0.0,中性,,,,,,,,,,,,,,,,,,,,,,,,,,,,,,,,,,,,,,,,,,,
2024-07-22,,65.0,0.0,中性,,,,,,,,,,,,,,,,,,,,,,,,,,,,,,,,,,,,,,,,,,,
2024-07-29,,70.0,1.0,看多,,,,,,,,,,,,,,,,,,,,,,,,,,,,,,,,,,,,,,,,,,,
2024-08-05,,25.0,0.0,中性,,,,,,,,,,,,,,,,,,,,,,,,,,,,,,,,,,,,,,,,,,,
2024-08-12,,50.0,0.0,中性,,,,,,,,,,,,,,,,,,,,,,,,,,,,,,,,,,,,,,,,,,,
2024-08-19,,47.5,0.0,中性,,,,,,,,,,,,,,,,,,,,,,,,,,,,,,,,,,,,,,,,,,,
2024-08-26,,25.0,0.0,中性,,,,,,,,,,,,,,,,,,,,,,,,,,,,,,,,,,,,,,,,,,,
2024-09-02,,50.0,0.0,中性,,,,,,,,,,,,,,,,,,,,,,,,,,,,,,,,,,,,,,,,,,,
2024-09-09,,30.0,0.0,中性,,,,,,,,,,,,,,,,,,,,,,,,,,,,,,,,,,,,,,,,,,,
2024-09-16,,20.0,0.0,中性,,,,,,,,,,,,,,,,,,,,,,,,,,,,,,,,,,,,,,,,,,,
2024-09-23,,25.0,0.0,中性,,,,,,,,,,,,,,,,,,,,,,,,,,,,,,,,,,,,,,,,,,,
2024-09-30,,27.5,0.0,中性,,,,,,,,,,,,,,,,,,,,,,,,,,,,,,,,,,,,,,,,,,,
2024-10-07,,45.0,0.0,中性,,,,,,,,,,,,,,,,,,,,,,,,,,,,,,,,,,,,,,,,,,,
2024-10-14,,95.0,1.0,看多,,,,,,,,,,,,,,,,,,,,,,,,,,,,,,,,,,,,,,,,,,,
2024-10-21,,22.5,0.0,中性,,,,,,,,,,,,,,,,,,,,,,,,,,,,,,,,,,,,,,,,,,,
2024-10-28,,25.0,0.0,中性,,,,,,,,,,,,,,,,,,,,,,,,,,,,,,,,,,,,,,,,,,,
2024-11-04,,67.5,0.0,中性,,,,,,,,,,,,,,,,,,,,,,,,,,,,,,,,,,,,,,,,,,,
2024-11-11,,75.0,1.0,看多,,,,,,,,,,,,,,,,,,,,,,,,,,,,,,,,,,,,,,,,,,,
2024-11-18,,25.0,0.0,中性,,,,,,,,,,,,,,,,,,,,,,,,,,,,,,,,,,,,,,,,,,,
2024-11-25,,25.0,0.0,中性,,,,,,,,,,,,,,,,,,,,,,,,,,,,,,,,,,,,,,,,,,,
2024-12-02,,25.0,0.0,中性,,,,,,,,,,,,,,,,,,,,,,,,,,,,,,,,,,,,,,,,,,,
2024-12-09,,27.5,0.0,中性,,,,,,,,,,,,,,,,,,,,,,,,,,,,,,,,,,,,,,,,,,,
2024-12-16,,75.0,1.0,看多,,,,,,,,,,,,,,,,,,,,,,,,,,,,,,,,,,,,,,,,,,,
2024-12-23,,50.0,0.0,中性,,,,,,,,,,,,,,,,,,,,,,,,,,,,,,,,,,,,,,,,,,,
2025-01-06,,70.0,1.0,看多,,,,,,,,,,,,,,,,,,,,,,,,,,,,,,,,,,,,,,,,,,,
2025-01-13,,50.0,0.0,中性,,,,,,,,,,,,,,,,,,,,,,,,,,,,,,,,,,,,,,,,,,,
2025-01-20,,30.0,0.0,中性,,,,,,,,,,,,,,,,,,,,,,,,,,,,,,,,,,,,,,,,,,,
2025-01-27,,65.0,0.0,中性,,,,,,,,,,,,,,,,,,,,,,,,,,,,,,,,,,,,,,,,,,,
2025-02-03,,30.0,0.0,中性,,,,,,,,,,,,,,,,,,,,,,,,,,,,,,,,,,,,,,,,,,,
2025-02-10,,30.0,0.0,中性,,,,,,,,,,,,,,,,,,,,,,,,,,,,,,,,,,,,,,,,,,,
2025-02-17,,30.0,0.0,中性,,,,,,,,,,,,,,,,,,,,,,,,,,,,,,,,,,,,,,,,,,,
2025-02-24,,20.0,0.0,中性,,,,,,,,,,,,,,,,,,,,,,,,,,,,,,,,,,,,,,,,,,,
2025-03-03,,22.5,0.0,中性,,,,,,,,,,,,,,,,,,,,,,,,,,,,,,,,,,,,,,,,,,,
2025-03-10,,72.5,1.0,看多,,,,,,,,,,,,,,,,,,,,,,,,,,,,,,,,,,,,,,,,,,,
2025-03-17,,22.5,0.0,中性,,,,,,,,,,,,,,,,,,,,,,,,,,,,,,,,,,,,,,,,,,,
2025-03-24,,30.0,0.0,中性,,,,,,,,,,,,,,,,,,,,,,,,,,,,,,,,,,,,,,,,,,,
2025-03-31,,25.0,0.0,中性,,,,,,,,,,,,,,,,,,,,,,,,,,,,,,,,,,,,,,,,,,,
2025-04-07,,50.0,0.0,中性,,,,,,,,,,,,,,,,,,,,,,,,,,,,,,,,,,,,,,,,,,,
2025-04-14,,32.5,0.0,中性,,,,,,,,,,,,,,,,,,,,,,,,,,,,,,,,,,,,,,,,,,,
2025-04-21,,47.5,0.0,中性,,,,,,,,,,,,,,,,,,,,,,,,,,,,,,,,,,,,,,,,,,,
2025-04-28,,75.0,1.0,看多,,,,,,,,,,,,,,,,,,,,,,,,,,,,,,,,,,,,,,,,,,,
2025-05-05,,72.5,1.0,看多,,,,,,,,,,,,,,,,,,,,,,,,,,,,,,,,,,,,,,,,,,,
2025-05-12,,62.5,0.0,中性,,,,,,,,,,,,,,,,,,,,,,,,,,,,,,,,,,,,,,,,,,,
2025-05-19,,27.5,0.0,中性,,,,,,,,,,,,,,,,,,,,,,,,,,,,,,,,,,,,,,,,,,,
2025-05-26,,65.0,0.0,中性,,,,,,,,,,,,,,,,,,,,,,,,,,,,,,,,,,,,,,,,,,,
2025-06-02,,32.5,0.0,中性,,,,,,,,,,,,,,,,,,,,,,,,,,,,,,,,,,,,,,,,,,,
2025-06-09,,65.0,0.0,中性,,,,,,,,,,,,,,,,,,,,,,,,,,,,,,,,,,,,,,,,,,,
2025-06-16,,22.5,0.0,中性,,,,,,,,,,,,,,,,,,,,,,,,,,,,,,,,,,,,,,,,,,,
2025-06-23,,22.5,0.0,中性,,,,,,,,,,,,,,,,,,,,,,,,,,,,,,,,,,,,,,,,,,,
2025-06-30,,77.5,1.0,看多,,,,,,,,,,,,,,,,,,,,,,,,,,,,,,,,,,,,,,,,,,,
2025-07-07,,47.5,0.0,中性,,,,,,,,,,,,,,,,,,,,,,,,,,,,,,,,,,,,,,,,,,,
2025-07-14,,25.0,0.0,中性,,,,,,,,,,,,,,,,,,,,,,,,,,,,,,,,,,,,,,,,,,,
2025-07-21,,20.0,0.0,中性,,,,,,,,,,,,,,,,,,,,,,,,,,,,,,,,,,,,,,,,,,,
2025-07-28,,22.5,0.0,中性,,,,,,,,,,,,,,,,,,,,,,,,,,,,,,,,,,,,,,,,,,,
2025-08-04,,31.25,0.0,中性,,,,,,,,,,,,,,,,,,,,,,,,,,,,,,,,,,,,,,,,,,,
2025-08-11,,72.5,1.0,看多,,,,,,,,,,,,,,,,,,,,,,,,,,,,,,,,,,,,,,,,,,,
2025-08-18,,20.0,0.0,中性,,,,,,,,,,,,,,,,,,,,,,,,,,,,,,,,,,,,,,,,,,,
2025-08-25,,5.0,0.0,看空,,,,,,,,,,,,,,,,,,,,,,,,,,,,,,,,,,,,,,,,,,,
2025-09-01,,80.0,1.0,看多,,,,,,,,,,,,,,,,,,,,,,,,,,,,,,,,,,,,,,,,,,,
2025-09-08,,17.5,0.0,中性,,,,,,,,,,,,,,,,,,,,,,,,,,,,,,,,,,,,,,,,,,,
2025-09-15,,47.5,0.0,中性,,,,,,,,,,,,,,,,,,,,,,,,,,,,,,,,,,,,,,,,,,,
2025-09-22,,46.25,0.0,中性,,,,,,,,,,,,,,,,,,,,,,,,,,,,,,,,,,,,,,,,,,,
2025-09-29,,52.5,0.0,中性,,,,,,,,,,,,,,,,,,,,,,,,,,,,,,,,,,,,,,,,,,,
2025-10-06,,75.0,1.0,看多,,,,,,,,,,,,,,,,,,,,,,,,,,,,,,,,,,,,,,,,,,,
2025-10-13,,70.0,1.0,看多,,,,,,,,,,,,,,,,,,,,,,,,,,,,,,,,,,,,,,,,,,,
2025-10-20,,62.5,0.0,中性,,,,,,,,,,,,,,,,,,,,,,,,,,,,,,,,,,,,,,,,,,,
2025-10-27,,22.5,0.0,中性,,,,,,,,,,,,,,,,,,,,,,,,,,,,,,,,,,,,,,,,,,,
2025-11-03,,77.5,1.0,看多,,,,,,,,,,,,,,,,,,,,,,,,,,,,,,,,,,,,,,,,,,,
2025-11-10,,25.0,0.0,中性,,,,,,,,,,,,,,,,,,,,,,,,,,,,,,,,,,,,,,,,,,,
2025-11-17,,48.75,0.0,中性,,,,,,,,,,,,,,,,,,,,,,,,,,,,,,,,,,,,,,,,,,,
2025-11-24,,20.0,0.0,中性,,,,,,,,,,,,,,,,,,,,,,,,,,,,,,,,,,,,,,,,,,,
2025-12-01,,52.5,0.0,中性,,,,,,,,,,,,,,,,,,,,,,,,,,,,,,,,,,,,,,,,,,,
2025-12-08,,52.5,0.0,中性,,,,,,,,,,,,,,,,,,,,,,,,,,,,,,,,,,,,,,,,,,,
2025-12-15,,75.0,1.0,看多,,,,,,,,,,,,,,,,,,,,,,,,,,,,,,,,,,,,,,,,,,,
2025-12-22,,67.5,0.0,中性,,,,,,,,,,,,,,,,,,,,,,,,,,,,,,,,,,,,,,,,,,,
2025-12-29,,75.0,1.0,看多,,,,,,,,,,,,,,,,,,,,,,,,,,,,,,,,,,,,,,,,,,,
2026-01-05,,43.75,0.0,中性,,,,,,,,,,,,,,,,,,,,,,,,,,,,,,,,,,,,,,,,,,,
2026-01-12,,70.0,1.0,看多,,,,,,,,,,,,,,,,,,,,,,,,,,,,,,,,,,,,,,,,,,,
2026-01-19,,45.0,0.0,中性,,,,,,,,,,,,,,,,,,,,,,,,,,,,,,,,,,,,,,,,,,,
2026-01-26,,37.5,0.0,中性,,,,,,,,,,,,,,,,,,,,,,,,,,,,,,,,,,,,,,,,,,,
2026-02-02,,20.0,0.0,中性,,,,,,,,,,,,,,,,,,,,,,,,,,,,,,,,,,,,,,,,,,,
2026-02-09,,30.0,0.0,中性,,,,,,,,,,,,,,,,,,,,,,,,,,,,,,,,,,,,,,,,,,,
2026-03-02,,27.5,0.0,中性,,,,,,,,,,,,,,,,,,,,,,,,,,,,,,,,,,,,,,,,,,,
2026-03-09,,57.5,0.0,中性,,,,,,,,,,,,,,,,,,,,,,,,,,,,,,,,,,,,,,,,,,,
2026-03-16,,27.5,0.0,中性,,,,,,,,,,,,,,,,,,,,,,,,,,,,,,,,,,,,,,,,,,,
2026-03-23,,27.5,0.0,中性,,,,,,,,,,,,,,,,,,,,,,,,,,,,,,,,,,,,,,,,,,,
2026-03-30,,55.0,0.0,中性,,,,,,,,,,,,,,,,,,,,,,,,,,,,,,,,,,,,,,,,,,,
2026-04-06,,52.5,0.0,中性,,,,,,,,,,,,,,,,,,,,,,,,,,,,,,,,,,,,,,,,,,,
2026-04-13,,52.5,0.0,中性,,,,,,,,,,,,,,,,,,,,,,,,,,,,,,,,,,,,,,,,,,,
2026-04-20,,47.5,0.0,中性,,,,,,,,,,,,,,,,,,,,,,,,,,,,,,,,,,,,,,,,,,,
2026-04-27,,57.5,0.0,中性,,,,,,,,,,,,,,,,,,,,,,,,,,,,,,,,,,,,,,,,,,,
2026-05-04,,80.0,1.0,看多,,,,,,,,,,,,,,,,,,,,,,,,,,,,,,,,,,,,,,,,,,,
2026-05-11,,55.0,0.0,中性,,,,,,,,,,,,,,,,,,,,,,,,,,,,,,,,,,,,,,,,,,,
2026-05-18,,52.5,0.0,中性,,,,,,,,,,,,,,,,,,,,,,,,,,,,,,,,,,,,,,,,,,,
2026-05-25,,25.0,0.0,中性,,,,,,,,,,,,,,,,,,,,,,,,,,,,,,,,,,,,,,,,,,,
2026-06-01,,52.5,0.0,中性,,,,,,,,,,,,,,,,,,,,,,,,,,,,,,,,,,,,,,,,,,,
2026-06-08,,42.5,0.0,中性,,,,,,,,,,,,,,,,,,,,,,,,,,,,,,,,,,,,,,,,,,,
2026-06-15,,45.0,0.0,中性,,,,,,,,,,,,,,,,,,,,,,,,,,,,,,,,,,,,,,,,,,,
2026-06-22,,47.5,0.0,中性,,,,,,,,,,,,,,,,,,,,,,,,,,,,,,,,,,,,,,,,,,,
2026-06-29,,47.5,0.0,中性,,,,,,,,,,,,,,,,,,,,,,,,,,,,,,,,,,,,,,,,,,,
2026-07-06,,75.0,1.0,看多,,,,,,,,,,,,,,,,,,,,,,,,,,,,,,,,,,,,,,,,,,,
2026-07-13,,45.0,0.0,中性,,,,,,,,,,,,,,,,,,,,,,,,,,,,,,,,,,,,,,,,,,,
2026-07-20,,20.0,0.0,中性,,,,,,,,,,,,,,,,,,,,,,,,,,,,,,,,,,,,,,,,,,,
2026-07-27,,50.0,0.0,中性,,,,,,,,,,,,,,,,,,,,,,,,,,,,,,,,,,,,,,,,,,,
2026-08-03,,47.5,0.0,中性,,,,,,,,,,,,,,,,,,,,,,,,,,,,,,,,,,,,,,,,,,,
2026-08-10,,20.0,0.0,中性,,,,,,,,,,,,,,,,,,,,,,,,,,,,,,,,,,,,,,,,,,,
2026-08-17,,22.5,0.0,中性,,,,,,,,,,,,,,,,,,,,,,,,,,,,,,,,,,,,,,,,,,,
2026-08-24,,22.5,0.0,中性,,,,,,,,,,,,,,,,,,,,,,,,,,,,,,,,,,,,,,,,,,,
2026-08-31,,50.0,0.0,中性,,,,,,,,,,,,,,,,,,,,,,,,,,,,,,,,,,,,,,,,,,,
2026-09-07,,45.0,0.0,中性,,,,,,,,,,,,,,,,,,,,,,,,,,,,,,,,,,,,,,,,,,,
